network,scan,step,filter,aggregation,model,generation_time
merged_f1_t100,merged,100,1,0,NETSPA,0.15055080002639443
merged_f1_t100,merged,100,1,0,TVA,0.0891258999472484
merged_f1_t100,merged,100,1,0,MULTI,0.1721038999967277
merged_f1_t0,merged,0,1,0,NETSPA,0.1515332999988459
merged_f1_t0,merged,0,1,0,TVA,0.09243509999942034
merged_f1_t0,merged,0,1,0,MULTI,0.1727985999896191
merged_f1_t10,merged,10,1,0,NETSPA,0.15093559998786077
merged_f1_t10,merged,10,1,0,TVA,0.09345739998389035
merged_f1_t10,merged,10,1,0,MULTI,0.17463750002207235
merged_f1_t100,merged,100,1,1,NETSPA,0.046217800001613796
merged_f1_t100,merged,100,1,1,TVA,0.09790190000785515
merged_f1_t100,merged,100,1,1,MULTI,0.06929320003837347
merged_f1_t0,merged,0,1,1,NETSPA,0.045986699988134205
merged_f1_t0,merged,0,1,1,TVA,0.09828360000392422
merged_f1_t0,merged,0,1,1,MULTI,0.06644000002415851
merged_f1_t10,merged,10,1,1,NETSPA,0.04658660001587123
merged_f1_t10,merged,10,1,1,TVA,0.10020260000601411
merged_f1_t10,merged,10,1,1,MULTI,0.0641621999675408
merged_f1_t100,merged,100,1,2,NETSPA,0.10707580001326278
merged_f1_t100,merged,100,1,2,TVA,0.03759539994644001
merged_f1_t100,merged,100,1,2,MULTI,0.042656300007365644
merged_f1_t0,merged,0,1,2,NETSPA,0.10888509999495
merged_f1_t0,merged,0,1,2,TVA,0.03816039999946952
merged_f1_t0,merged,0,1,2,MULTI,0.043061900010798126
merged_f1_t10,merged,10,1,2,NETSPA,0.10672250000061467
merged_f1_t10,merged,10,1,2,TVA,0.03844299999764189
merged_f1_t10,merged,10,1,2,MULTI,0.04245950002223253
merged_f1_t100,merged,100,1,3,NETSPA,0.0839517000131309
merged_f1_t100,merged,100,1,3,TVA,0.033072899968829006
merged_f1_t100,merged,100,1,3,MULTI,0.08257400000002235
merged_f1_t0,merged,0,1,3,NETSPA,0.09010899998247623
merged_f1_t0,merged,0,1,3,TVA,0.032680500007700175
merged_f1_t0,merged,0,1,3,MULTI,0.08168920001480728
merged_f1_t10,merged,10,1,3,NETSPA,0.0911251999787055
merged_f1_t10,merged,10,1,3,TVA,0.03327119996538386
merged_f1_t10,merged,10,1,3,MULTI,0.08125570003176108
merged_f1_t110,merged,110,1,0,NETSPA,0.06450089998543262
merged_f1_t110,merged,110,1,0,TVA,0.0921299000037834
merged_f1_t110,merged,110,1,0,MULTI,0.1766580999828875
merged_f1_t120,merged,120,1,0,NETSPA,0.06317340000532568
merged_f1_t120,merged,120,1,0,TVA,0.09040299995103851
merged_f1_t120,merged,120,1,0,MULTI,0.17684440000448376
merged_f1_t130,merged,130,1,0,NETSPA,0.06522599997697398
merged_f1_t130,merged,130,1,0,TVA,0.08667119999881834
merged_f1_t130,merged,130,1,0,MULTI,0.17705719999503344
merged_f1_t110,merged,110,1,1,NETSPA,0.04866480000782758
merged_f1_t110,merged,110,1,1,TVA,0.12007500004256144
merged_f1_t110,merged,110,1,1,MULTI,0.060256000026129186
merged_f1_t120,merged,120,1,1,NETSPA,0.04967769997892901
merged_f1_t120,merged,120,1,1,TVA,0.11838020000141114
merged_f1_t120,merged,120,1,1,MULTI,0.06432529998710379
merged_f1_t130,merged,130,1,1,NETSPA,0.053058299992699176
merged_f1_t130,merged,130,1,1,TVA,0.11822529998607934
merged_f1_t130,merged,130,1,1,MULTI,0.06476500001735985
merged_f1_t110,merged,110,1,2,NETSPA,0.09195849997922778
merged_f1_t110,merged,110,1,2,TVA,0.04814610001631081
merged_f1_t110,merged,110,1,2,MULTI,0.11107099999208003
merged_f1_t120,merged,120,1,2,NETSPA,0.09295360004762188
merged_f1_t120,merged,120,1,2,TVA,0.04627310001524165
merged_f1_t120,merged,120,1,2,MULTI,0.11156990000745282
merged_f1_t130,merged,130,1,2,NETSPA,0.09994250000454485
merged_f1_t130,merged,130,1,2,TVA,0.04648129997076467
merged_f1_t130,merged,130,1,2,MULTI,0.1108824000111781
merged_f1_t110,merged,110,1,3,NETSPA,0.041029600019101053
merged_f1_t110,merged,110,1,3,TVA,0.035602200019638985
merged_f1_t110,merged,110,1,3,MULTI,0.08577360003255308
merged_f1_t120,merged,120,1,3,NETSPA,0.04143149999435991
merged_f1_t120,merged,120,1,3,TVA,0.0357172999647446
merged_f1_t120,merged,120,1,3,MULTI,0.08453739999094978
merged_f1_t130,merged,130,1,3,NETSPA,0.03930239996407181
merged_f1_t130,merged,130,1,3,TVA,0.035812399990390986
merged_f1_t130,merged,130,1,3,MULTI,0.083436899993103
merged_f1_t140,merged,140,1,0,NETSPA,0.07031740003731102
merged_f1_t140,merged,140,1,0,TVA,0.13832519995048642
merged_f1_t140,merged,140,1,0,MULTI,0.12820390000706539
merged_f1_t150,merged,150,1,0,NETSPA,0.06845200003590435
merged_f1_t150,merged,150,1,0,TVA,0.13754229998448864
merged_f1_t150,merged,150,1,0,MULTI,0.13024879997828975
merged_f1_t160,merged,160,1,0,NETSPA,0.06884889997309074
merged_f1_t160,merged,160,1,0,TVA,0.1377443000092171
merged_f1_t160,merged,160,1,0,MULTI,0.133400899998378
merged_f1_t140,merged,140,1,1,NETSPA,0.11661090003326535
merged_f1_t140,merged,140,1,1,TVA,0.054831899993587285
merged_f1_t140,merged,140,1,1,MULTI,0.06748520000837743
merged_f1_t150,merged,150,1,1,NETSPA,0.11481640004785731
merged_f1_t150,merged,150,1,1,TVA,0.054488500056322664
merged_f1_t150,merged,150,1,1,MULTI,0.06531430000904948
merged_f1_t160,merged,160,1,1,NETSPA,0.1116644999710843
merged_f1_t160,merged,160,1,1,TVA,0.056147700001019984
merged_f1_t160,merged,160,1,1,MULTI,0.06558370002312586
merged_f1_t140,merged,140,1,2,NETSPA,0.10518760001286864
merged_f1_t140,merged,140,1,2,TVA,0.04666499997256324
merged_f1_t140,merged,140,1,2,MULTI,0.10706870001740754
merged_f1_t150,merged,150,1,2,NETSPA,0.10438259999500588
merged_f1_t150,merged,150,1,2,TVA,0.048434500000439584
merged_f1_t150,merged,150,1,2,MULTI,0.10674590000417084
merged_f1_t160,merged,160,1,2,NETSPA,0.10395610000705346
merged_f1_t160,merged,160,1,2,TVA,0.046056400053203106
merged_f1_t160,merged,160,1,2,MULTI,0.10486790002323687
merged_f1_t140,merged,140,1,3,NETSPA,0.04109339998103678
merged_f1_t140,merged,140,1,3,TVA,0.03939849999733269
merged_f1_t140,merged,140,1,3,MULTI,0.09476020000874996
merged_f1_t150,merged,150,1,3,NETSPA,0.0416311000008136
merged_f1_t150,merged,150,1,3,TVA,0.03833389998180792
merged_f1_t150,merged,150,1,3,MULTI,0.09343760000774637
merged_f1_t160,merged,160,1,3,NETSPA,0.04345250001642853
merged_f1_t160,merged,160,1,3,TVA,0.03999119997024536
merged_f1_t160,merged,160,1,3,MULTI,0.09683210001094267
merged_f1_t170,merged,170,1,0,NETSPA,0.07170949998544529
merged_f1_t170,merged,170,1,0,TVA,0.13669269997626543
merged_f1_t170,merged,170,1,0,MULTI,0.12220680003520101
merged_f1_t180,merged,180,1,0,NETSPA,0.0717385999741964
merged_f1_t180,merged,180,1,0,TVA,0.13914040004601702
merged_f1_t180,merged,180,1,0,MULTI,0.13032130000647157
merged_f1_t190,merged,190,1,0,NETSPA,0.07109939999645576
merged_f1_t190,merged,190,1,0,TVA,0.1323429000331089
merged_f1_t190,merged,190,1,0,MULTI,0.13154979998944327
merged_f1_t170,merged,170,1,1,NETSPA,0.14245050004683435
merged_f1_t170,merged,170,1,1,TVA,0.06032480002613738
merged_f1_t170,merged,170,1,1,MULTI,0.12454340001568198
merged_f1_t180,merged,180,1,1,NETSPA,0.13482579996343702
merged_f1_t180,merged,180,1,1,TVA,0.06172240001615137
merged_f1_t180,merged,180,1,1,MULTI,0.12390960002085194
merged_f1_t190,merged,190,1,1,NETSPA,0.13443009997718036
merged_f1_t190,merged,190,1,1,TVA,0.06291660002898425
merged_f1_t190,merged,190,1,1,MULTI,0.11863519996404648
merged_f1_t170,merged,170,1,2,NETSPA,0.04278419999172911
merged_f1_t170,merged,170,1,2,TVA,0.0379953000228852
merged_f1_t170,merged,170,1,2,MULTI,0.09147619997384027
merged_f1_t180,merged,180,1,2,NETSPA,0.042736099974717945
merged_f1_t180,merged,180,1,2,TVA,0.037595200003124774
merged_f1_t180,merged,180,1,2,MULTI,0.09304429998155683
merged_f1_t190,merged,190,1,2,NETSPA,0.04131599998800084
merged_f1_t190,merged,190,1,2,TVA,0.037123700021766126
merged_f1_t190,merged,190,1,2,MULTI,0.0990313999936916
merged_f1_t170,merged,170,1,3,NETSPA,0.03905270004179329
merged_f1_t170,merged,170,1,3,TVA,0.08765199995832518
merged_f1_t170,merged,170,1,3,MULTI,0.03504330001305789
merged_f1_t180,merged,180,1,3,NETSPA,0.0389324999996461
merged_f1_t180,merged,180,1,3,TVA,0.08321340003749356
merged_f1_t180,merged,180,1,3,MULTI,0.03407219995278865
merged_f1_t190,merged,190,1,3,NETSPA,0.038969799992628396
merged_f1_t190,merged,190,1,3,TVA,0.0793897999683395
merged_f1_t190,merged,190,1,3,MULTI,0.035390500037465245
merged_f1_t20,merged,20,1,0,NETSPA,0.11528259998885915
merged_f1_t20,merged,20,1,0,TVA,0.08730000001378357
merged_f1_t20,merged,20,1,0,MULTI,0.17382100003305823
merged_f1_t200,merged,200,1,0,NETSPA,0.11493560002418235
merged_f1_t200,merged,200,1,0,TVA,0.08587750000879169
merged_f1_t200,merged,200,1,0,MULTI,0.1810641000047326
merged_f1_t210,merged,210,1,0,NETSPA,0.11308940005255863
merged_f1_t210,merged,210,1,0,TVA,0.08559909998439252
merged_f1_t210,merged,210,1,0,MULTI,0.1813939000130631
merged_f1_t20,merged,20,1,1,NETSPA,0.04768540000077337
merged_f1_t20,merged,20,1,1,TVA,0.05517190002137795
merged_f1_t20,merged,20,1,1,MULTI,0.10925629996927455
merged_f1_t200,merged,200,1,1,NETSPA,0.047952699998859316
merged_f1_t200,merged,200,1,1,TVA,0.055523700022604316
merged_f1_t200,merged,200,1,1,MULTI,0.10555000003660098
merged_f1_t210,merged,210,1,1,NETSPA,0.04834300000220537
merged_f1_t210,merged,210,1,1,TVA,0.05472279997775331
merged_f1_t210,merged,210,1,1,MULTI,0.10681209998438135
merged_f1_t20,merged,20,1,2,NETSPA,0.04021919996012002
merged_f1_t20,merged,20,1,2,TVA,0.0979203000315465
merged_f1_t20,merged,20,1,2,MULTI,0.046352599980309606
merged_f1_t210,merged,210,1,2,NETSPA,0.03824220004025847
merged_f1_t210,merged,210,1,2,TVA,0.09749869996448979
merged_f1_t210,merged,210,1,2,MULTI,0.045114199980162084
merged_f1_t200,merged,200,1,2,NETSPA,0.0383538999594748
merged_f1_t200,merged,200,1,2,TVA,0.09920680004870519
merged_f1_t200,merged,200,1,2,MULTI,0.04682180000236258
merged_f1_t20,merged,20,1,3,NETSPA,0.03901100001530722
merged_f1_t20,merged,20,1,3,TVA,0.08173259999603033
merged_f1_t20,merged,20,1,3,MULTI,0.03543689998332411
merged_f1_t200,merged,200,1,3,NETSPA,0.040294500009622425
merged_f1_t200,merged,200,1,3,TVA,0.08211150002898648
merged_f1_t200,merged,200,1,3,MULTI,0.036098500015214086
merged_f1_t210,merged,210,1,3,NETSPA,0.03977319999830797
merged_f1_t210,merged,210,1,3,TVA,0.08350210002390668
merged_f1_t210,merged,210,1,3,MULTI,0.036103099992033094
merged_f1_t220,merged,220,1,0,NETSPA,0.14219679997768253
merged_f1_t220,merged,220,1,0,TVA,0.08880660001887009
merged_f1_t220,merged,220,1,0,MULTI,0.17441349994624034
merged_f1_t230,merged,230,1,0,NETSPA,0.1444238999974914
merged_f1_t230,merged,230,1,0,TVA,0.08804400003282353
merged_f1_t230,merged,230,1,0,MULTI,0.1748166999896057
merged_f1_t240,merged,240,1,0,NETSPA,0.15136250003706664
merged_f1_t240,merged,240,1,0,TVA,0.08901910000713542
merged_f1_t240,merged,240,1,0,MULTI,0.17308420001063496
merged_f1_t220,merged,220,1,1,NETSPA,0.049558999948203564
merged_f1_t220,merged,220,1,1,TVA,0.05395160004263744
merged_f1_t220,merged,220,1,1,MULTI,0.10337329999310896
merged_f1_t230,merged,230,1,1,NETSPA,0.049463899980764836
merged_f1_t230,merged,230,1,1,TVA,0.10376399999950081
merged_f1_t230,merged,230,1,1,MULTI,0.06018969998694956
merged_f1_t240,merged,240,1,1,NETSPA,0.04834659997140989
merged_f1_t240,merged,240,1,1,TVA,0.10475439997389913
merged_f1_t240,merged,240,1,1,MULTI,0.06219289998989552
merged_f1_t220,merged,220,1,2,NETSPA,0.04118219995871186
merged_f1_t220,merged,220,1,2,TVA,0.13186780002433807
merged_f1_t220,merged,220,1,2,MULTI,0.048429800022859126
merged_f1_t230,merged,230,1,2,NETSPA,0.043085800018161535
merged_f1_t230,merged,230,1,2,TVA,0.13205249997554347
merged_f1_t230,merged,230,1,2,MULTI,0.04530050000175834
merged_f1_t240,merged,240,1,2,NETSPA,0.04405889997724444
merged_f1_t240,merged,240,1,2,TVA,0.13155300001380965
merged_f1_t240,merged,240,1,2,MULTI,0.046264000004157424
merged_f1_t220,merged,220,1,3,NETSPA,0.09182599995983765
merged_f1_t220,merged,220,1,3,TVA,0.03502640000078827
merged_f1_t220,merged,220,1,3,MULTI,0.03548560000490397
merged_f1_t230,merged,230,1,3,NETSPA,0.08598179998807609
merged_f1_t230,merged,230,1,3,TVA,0.03477309999288991
merged_f1_t230,merged,230,1,3,MULTI,0.036216899985447526
merged_f1_t240,merged,240,1,3,NETSPA,0.08395340002607554
merged_f1_t240,merged,240,1,3,TVA,0.034875000012107193
merged_f1_t240,merged,240,1,3,MULTI,0.03569759998936206
merged_f1_t250,merged,250,1,0,NETSPA,0.1324597999919206
merged_f1_t250,merged,250,1,0,TVA,0.09119289997033775
merged_f1_t250,merged,250,1,0,MULTI,0.1918747000163421
merged_f1_t260,merged,260,1,0,NETSPA,0.13172429997939616
merged_f1_t260,merged,260,1,0,TVA,0.08940920000895858
merged_f1_t260,merged,260,1,0,MULTI,0.20118919998640195
merged_f1_t270,merged,270,1,0,NETSPA,0.13218050001887605
merged_f1_t270,merged,270,1,0,TVA,0.09116160002304241
merged_f1_t270,merged,270,1,0,MULTI,0.19978470000205562
merged_f1_t250,merged,250,1,1,NETSPA,0.05868149996967986
merged_f1_t250,merged,250,1,1,TVA,0.11108560004504398
merged_f1_t250,merged,250,1,1,MULTI,0.07032310002250597
merged_f1_t260,merged,260,1,1,NETSPA,0.04992459999630228
merged_f1_t260,merged,260,1,1,TVA,0.11059880000539124
merged_f1_t260,merged,260,1,1,MULTI,0.0697476000059396
merged_f1_t270,merged,270,1,1,NETSPA,0.05836809996981174
merged_f1_t270,merged,270,1,1,TVA,0.10766400001011789
merged_f1_t270,merged,270,1,1,MULTI,0.06967910000821576
merged_f1_t250,merged,250,1,2,NETSPA,0.04626789997564629
merged_f1_t250,merged,250,1,2,TVA,0.10110159998293966
merged_f1_t250,merged,250,1,2,MULTI,0.0458084000274539
merged_f1_t260,merged,260,1,2,NETSPA,0.111663099960424
merged_f1_t260,merged,260,1,2,TVA,0.04324630001792684
merged_f1_t260,merged,260,1,2,MULTI,0.045776400016620755
merged_f1_t270,merged,270,1,2,NETSPA,0.11204660002840683
merged_f1_t270,merged,270,1,2,TVA,0.043616299983114004
merged_f1_t270,merged,270,1,2,MULTI,0.04587589995935559
merged_f1_t250,merged,250,1,3,NETSPA,0.08903179998742417
merged_f1_t250,merged,250,1,3,TVA,0.03604939999058843
merged_f1_t250,merged,250,1,3,MULTI,0.03767240000888705
merged_f1_t260,merged,260,1,3,NETSPA,0.08606760000111535
merged_f1_t260,merged,260,1,3,TVA,0.036387400003150105
merged_f1_t260,merged,260,1,3,MULTI,0.09243189997505397
merged_f1_t270,merged,270,1,3,NETSPA,0.08437549998052418
merged_f1_t270,merged,270,1,3,TVA,0.03567509999265894
merged_f1_t270,merged,270,1,3,MULTI,0.09611450001830235
merged_f1_t280,merged,280,1,0,NETSPA,0.11575789999915287
merged_f1_t280,merged,280,1,0,TVA,0.08995920000597835
merged_f1_t280,merged,280,1,0,MULTI,0.1707198999938555
merged_f1_t290,merged,290,1,0,NETSPA,0.07090840005548671
merged_f1_t290,merged,290,1,0,TVA,0.08976390003226697
merged_f1_t290,merged,290,1,0,MULTI,0.16787050000857562
merged_f1_t300,merged,300,1,0,NETSPA,0.06980549998115748
merged_f1_t300,merged,300,1,0,TVA,0.09063410002272576
merged_f1_t300,merged,300,1,0,MULTI,0.16278760001296178
merged_f1_t280,merged,280,1,1,NETSPA,0.04573880002135411
merged_f1_t280,merged,280,1,1,TVA,0.09454030002234504
merged_f1_t280,merged,280,1,1,MULTI,0.06750330002978444
merged_f1_t290,merged,290,1,1,NETSPA,0.04566290002549067
merged_f1_t290,merged,290,1,1,TVA,0.09260289999656379
merged_f1_t290,merged,290,1,1,MULTI,0.06951660005142912
merged_f1_t300,merged,300,1,1,NETSPA,0.04417549999197945
merged_f1_t300,merged,300,1,1,TVA,0.09247879998292774
merged_f1_t300,merged,300,1,1,MULTI,0.07591379998484626
merged_f1_t280,merged,280,1,2,NETSPA,0.1212216000421904
merged_f1_t280,merged,280,1,2,TVA,0.03913479996845126
merged_f1_t280,merged,280,1,2,MULTI,0.042826500022783875
merged_f1_t290,merged,290,1,2,NETSPA,0.11264129995834082
merged_f1_t290,merged,290,1,2,TVA,0.040919699997175485
merged_f1_t290,merged,290,1,2,MULTI,0.10595880000619218
merged_f1_t300,merged,300,1,2,NETSPA,0.11624869995284826
merged_f1_t300,merged,300,1,2,TVA,0.03952350001782179
merged_f1_t300,merged,300,1,2,MULTI,0.10982459998922423
merged_f1_t280,merged,280,1,3,NETSPA,0.10219720000168309
merged_f1_t280,merged,280,1,3,TVA,0.03501739999046549
merged_f1_t280,merged,280,1,3,MULTI,0.08218910003779456
merged_f1_t290,merged,290,1,3,NETSPA,0.03897470002993941
merged_f1_t290,merged,290,1,3,TVA,0.03396710002562031
merged_f1_t290,merged,290,1,3,MULTI,0.0868804000201635
merged_f1_t300,merged,300,1,3,NETSPA,0.03860179998446256
merged_f1_t300,merged,300,1,3,TVA,0.03439970000181347
merged_f1_t300,merged,300,1,3,MULTI,0.0849251999752596
merged_f1_t310,merged,310,1,0,NETSPA,0.06598259997554123
merged_f1_t310,merged,310,1,0,TVA,0.14751320000505075
merged_f1_t310,merged,310,1,0,MULTI,0.12121780001325533
merged_f1_t30,merged,30,1,0,NETSPA,0.06791290000546724
merged_f1_t30,merged,30,1,0,TVA,0.15351449995068833
merged_f1_t30,merged,30,1,0,MULTI,0.12952910002786666
merged_f1_t320,merged,320,1,0,NETSPA,0.06855829997221008
merged_f1_t320,merged,320,1,0,TVA,0.14107040001545101
merged_f1_t320,merged,320,1,0,MULTI,0.12164849997498095
merged_f1_t310,merged,310,1,1,NETSPA,0.10869710001861677
merged_f1_t310,merged,310,1,1,TVA,0.051824099966324866
merged_f1_t310,merged,310,1,1,MULTI,0.06616960000246763
merged_f1_t30,merged,30,1,1,NETSPA,0.05004699999699369
merged_f1_t30,merged,30,1,1,TVA,0.10723550000693649
merged_f1_t30,merged,30,1,1,MULTI,0.06635500001721084
merged_f1_t320,merged,320,1,1,NETSPA,0.11058069998398423
merged_f1_t320,merged,320,1,1,TVA,0.05388950003543869
merged_f1_t320,merged,320,1,1,MULTI,0.0638700999552384
merged_f1_t310,merged,310,1,2,NETSPA,0.10688320000190288
merged_f1_t310,merged,310,1,2,TVA,0.0547694000415504
merged_f1_t310,merged,310,1,2,MULTI,0.12054520001402125
merged_f1_t30,merged,30,1,2,NETSPA,0.1091389000066556
merged_f1_t30,merged,30,1,2,TVA,0.06630010000662878
merged_f1_t30,merged,30,1,2,MULTI,0.12199499999405816
merged_f1_t320,merged,320,1,2,NETSPA,0.114054000005126
merged_f1_t320,merged,320,1,2,TVA,0.05883410002570599
merged_f1_t320,merged,320,1,2,MULTI,0.11439170001540333
merged_f1_t310,merged,310,1,3,NETSPA,0.041072099993471056
merged_f1_t310,merged,310,1,3,TVA,0.04036300000734627
merged_f1_t310,merged,310,1,3,MULTI,0.08674780000001192
merged_f1_t30,merged,30,1,3,NETSPA,0.04084630002034828
merged_f1_t30,merged,30,1,3,TVA,0.039464499976020306
merged_f1_t30,merged,30,1,3,MULTI,0.09363740001572296
merged_f1_t320,merged,320,1,3,NETSPA,0.041786800022237
merged_f1_t320,merged,320,1,3,TVA,0.03809009998803958
merged_f1_t320,merged,320,1,3,MULTI,0.09260450000874698
merged_f1_t330,merged,330,1,0,NETSPA,0.06681549997301772
merged_f1_t330,merged,330,1,0,TVA,0.13988710002740845
merged_f1_t330,merged,330,1,0,MULTI,0.1254069999558851
merged_f1_t340,merged,340,1,0,NETSPA,0.06600779999280348
merged_f1_t340,merged,340,1,0,TVA,0.13682800001697615
merged_f1_t340,merged,340,1,0,MULTI,0.12407199997687712
merged_f1_t350,merged,350,1,0,NETSPA,0.06766549998428673
merged_f1_t350,merged,350,1,0,TVA,0.1379136000177823
merged_f1_t350,merged,350,1,0,MULTI,0.12697149999439716
merged_f1_t330,merged,330,1,1,NETSPA,0.10227780003333464
merged_f1_t330,merged,330,1,1,TVA,0.049219399981666356
merged_f1_t330,merged,330,1,1,MULTI,0.0629151999601163
merged_f1_t340,merged,340,1,1,NETSPA,0.09854039998026565
merged_f1_t340,merged,340,1,1,TVA,0.04865050001535565
merged_f1_t340,merged,340,1,1,MULTI,0.06370639998931438
merged_f1_t350,merged,350,1,1,NETSPA,0.0982238000142388
merged_f1_t350,merged,350,1,1,TVA,0.05051329999696463
merged_f1_t350,merged,350,1,1,MULTI,0.06313989998307079
merged_f1_t330,merged,330,1,2,NETSPA,0.08585919998586178
merged_f1_t330,merged,330,1,2,TVA,0.03923009999562055
merged_f1_t330,merged,330,1,2,MULTI,0.10042920004343614
merged_f1_t340,merged,340,1,2,NETSPA,0.08460770000237972
merged_f1_t340,merged,340,1,2,TVA,0.038827600015792996
merged_f1_t340,merged,340,1,2,MULTI,0.09796119999373332
merged_f1_t350,merged,350,1,2,NETSPA,0.08219729998381808
merged_f1_t350,merged,350,1,2,TVA,0.03938979998929426
merged_f1_t350,merged,350,1,2,MULTI,0.09389000001829118
merged_f1_t330,merged,330,1,3,NETSPA,0.035042200004681945
merged_f1_t330,merged,330,1,3,TVA,0.03381029999582097
merged_f1_t330,merged,330,1,3,MULTI,0.08200629998464137
merged_f1_t340,merged,340,1,3,NETSPA,0.0363692999817431
merged_f1_t340,merged,340,1,3,TVA,0.03427960001863539
merged_f1_t340,merged,340,1,3,MULTI,0.08143130003008991
merged_f1_t350,merged,350,1,3,NETSPA,0.03625230002216995
merged_f1_t350,merged,350,1,3,TVA,0.03399089997401461
merged_f1_t350,merged,350,1,3,MULTI,0.07846699998481199
merged_f1_t360,merged,360,1,0,NETSPA,0.06358280003769323
merged_f1_t360,merged,360,1,0,TVA,0.12964490003651008
merged_f1_t360,merged,360,1,0,MULTI,0.1312550999573432
merged_f1_t380,merged,380,1,0,NETSPA,0.06427119998261333
merged_f1_t380,merged,380,1,0,TVA,0.13029440003447235
merged_f1_t380,merged,380,1,0,MULTI,0.13466199999675155
merged_f1_t370,merged,370,1,0,NETSPA,0.06371409998973832
merged_f1_t370,merged,370,1,0,TVA,0.1306464999797754
merged_f1_t370,merged,370,1,0,MULTI,0.1358104000100866
merged_f1_t360,merged,360,1,1,NETSPA,0.105615200009197
merged_f1_t360,merged,360,1,1,TVA,0.049228399991989136
merged_f1_t360,merged,360,1,1,MULTI,0.05831439996836707
merged_f1_t370,merged,370,1,1,NETSPA,0.10276380000868812
merged_f1_t370,merged,370,1,1,TVA,0.04895199998281896
merged_f1_t370,merged,370,1,1,MULTI,0.05861970002297312
merged_f1_t380,merged,380,1,1,NETSPA,0.10531829996034503
merged_f1_t380,merged,380,1,1,TVA,0.048738299985416234
merged_f1_t380,merged,380,1,1,MULTI,0.05861840001307428
merged_f1_t360,merged,360,1,2,NETSPA,0.08678670000517741
merged_f1_t360,merged,360,1,2,TVA,0.043328900006599724
merged_f1_t360,merged,360,1,2,MULTI,0.10150419996352866
merged_f1_t370,merged,370,1,2,NETSPA,0.0862714999821037
merged_f1_t370,merged,370,1,2,TVA,0.042647099995519966
merged_f1_t370,merged,370,1,2,MULTI,0.10169280000263825
merged_f1_t380,merged,380,1,2,NETSPA,0.08774819999234751
merged_f1_t380,merged,380,1,2,TVA,0.04316659999312833
merged_f1_t380,merged,380,1,2,MULTI,0.10164170002099127
merged_f1_t360,merged,360,1,3,NETSPA,0.03756570001132786
merged_f1_t360,merged,360,1,3,TVA,0.034127900027669966
merged_f1_t360,merged,360,1,3,MULTI,0.0844294999842532
merged_f1_t370,merged,370,1,3,NETSPA,0.03574800002388656
merged_f1_t370,merged,370,1,3,TVA,0.03558339999290183
merged_f1_t370,merged,370,1,3,MULTI,0.08401280001271516
merged_f1_t380,merged,380,1,3,NETSPA,0.03559270000550896
merged_f1_t380,merged,380,1,3,TVA,0.03564469999400899
merged_f1_t380,merged,380,1,3,MULTI,0.08282980002695695
merged_f1_t390,merged,390,1,0,NETSPA,0.06715670000994578
merged_f1_t390,merged,390,1,0,TVA,0.13024319999385625
merged_f1_t390,merged,390,1,0,MULTI,0.11616640002466738
merged_f1_t400,merged,400,1,0,NETSPA,0.06523020000895485
merged_f1_t400,merged,400,1,0,TVA,0.1305140999611467
merged_f1_t400,merged,400,1,0,MULTI,0.11488000000827014
merged_f1_t40,merged,40,1,0,NETSPA,0.06860800000140443
merged_f1_t40,merged,40,1,0,TVA,0.13158910005586222
merged_f1_t40,merged,40,1,0,MULTI,0.12517210002988577
merged_f1_t390,merged,390,1,1,NETSPA,0.09300079999957234
merged_f1_t390,merged,390,1,1,TVA,0.050057999964337796
merged_f1_t390,merged,390,1,1,MULTI,0.1275626000133343
merged_f1_t400,merged,400,1,1,NETSPA,0.09212230000412092
merged_f1_t400,merged,400,1,1,TVA,0.04961440002080053
merged_f1_t400,merged,400,1,1,MULTI,0.12777569994796067
merged_f1_t40,merged,40,1,1,NETSPA,0.09148220001952723
merged_f1_t40,merged,40,1,1,TVA,0.052394800004549325
merged_f1_t40,merged,40,1,1,MULTI,0.12595259997760877
merged_f1_t390,merged,390,1,2,NETSPA,0.04452850000234321
merged_f1_t390,merged,390,1,2,TVA,0.04103860002942383
merged_f1_t390,merged,390,1,2,MULTI,0.09789889998501167
merged_f1_t400,merged,400,1,2,NETSPA,0.04444180004065856
merged_f1_t400,merged,400,1,2,TVA,0.04074450000189245
merged_f1_t400,merged,400,1,2,MULTI,0.09851259994320571
merged_f1_t40,merged,40,1,2,NETSPA,0.043608699983451515
merged_f1_t40,merged,40,1,2,TVA,0.04246109997620806
merged_f1_t40,merged,40,1,2,MULTI,0.09706900001037866
merged_f1_t390,merged,390,1,3,NETSPA,0.040301700006239116
merged_f1_t390,merged,390,1,3,TVA,0.0407134999986738
merged_f1_t390,merged,390,1,3,MULTI,0.08908689999952912
merged_f1_t400,merged,400,1,3,NETSPA,0.040758299990557134
merged_f1_t400,merged,400,1,3,TVA,0.039823200029786676
merged_f1_t400,merged,400,1,3,MULTI,0.0878173999954015
merged_f1_t40,merged,40,1,3,NETSPA,0.0443935000221245
merged_f1_t40,merged,40,1,3,TVA,0.09851780004100874
merged_f1_t40,merged,40,1,3,MULTI,0.0400730999535881
merged_f1_t410,merged,410,1,0,NETSPA,0.06946120003703982
merged_f1_t410,merged,410,1,0,TVA,0.1464521999587305
merged_f1_t410,merged,410,1,0,MULTI,0.12400920002255589
merged_f1_t420,merged,420,1,0,NETSPA,0.0725586999906227
merged_f1_t420,merged,420,1,0,TVA,0.14459029998397455
merged_f1_t420,merged,420,1,0,MULTI,0.12473929999396205
merged_f1_t428,merged,428,1,0,NETSPA,0.06953970005270094
merged_f1_t428,merged,428,1,0,TVA,0.13956660003168508
merged_f1_t428,merged,428,1,0,MULTI,0.1252305000089109
merged_f1_t410,merged,410,1,1,NETSPA,0.10261619999073446
merged_f1_t410,merged,410,1,1,TVA,0.07123250002041459
merged_f1_t410,merged,410,1,1,MULTI,0.1254773000255227
merged_f1_t420,merged,420,1,1,NETSPA,0.10834209999302402
merged_f1_t420,merged,420,1,1,TVA,0.07299389998661354
merged_f1_t420,merged,420,1,1,MULTI,0.12462969997432083
merged_f1_t428,merged,428,1,1,NETSPA,0.10921850003069267
merged_f1_t428,merged,428,1,1,TVA,0.05651450000004843
merged_f1_t428,merged,428,1,1,MULTI,0.12442999996710569
merged_f1_t410,merged,410,1,2,NETSPA,0.05331280000973493
merged_f1_t410,merged,410,1,2,TVA,0.04622740001650527
merged_f1_t410,merged,410,1,2,MULTI,0.09404659998835996
merged_f1_t420,merged,420,1,2,NETSPA,0.047727800032589585
merged_f1_t420,merged,420,1,2,TVA,0.04729409998981282
merged_f1_t420,merged,420,1,2,MULTI,0.09562829998321831
merged_f1_t428,merged,428,1,2,NETSPA,0.04930499999318272
merged_f1_t428,merged,428,1,2,TVA,0.048752899980172515
merged_f1_t428,merged,428,1,2,MULTI,0.08965060004265979
merged_f1_t410,merged,410,1,3,NETSPA,0.03867550002178177
merged_f1_t410,merged,410,1,3,TVA,0.09326709999004379
merged_f1_t410,merged,410,1,3,MULTI,0.03675099997781217
merged_f1_t420,merged,420,1,3,NETSPA,0.03950960002839565
merged_f1_t420,merged,420,1,3,TVA,0.09002380003221333
merged_f1_t420,merged,420,1,3,MULTI,0.036785900010727346
merged_f1_t428,merged,428,1,3,NETSPA,0.03976340004010126
merged_f1_t428,merged,428,1,3,TVA,0.08771839999826625
merged_f1_t428,merged,428,1,3,MULTI,0.03755069995531812
merged_f1_t50,merged,50,1,0,NETSPA,0.07353860000148416
merged_f1_t50,merged,50,1,0,TVA,0.13737220002803952
merged_f1_t50,merged,50,1,0,MULTI,0.18402939999941736
merged_f1_t60,merged,60,1,0,NETSPA,0.07146279996959493
merged_f1_t60,merged,60,1,0,TVA,0.1335598000441678
merged_f1_t60,merged,60,1,0,MULTI,0.1820945999934338
merged_f1_t70,merged,70,1,0,NETSPA,0.12729710002895445
merged_f1_t70,merged,70,1,0,TVA,0.08873439999297261
merged_f1_t70,merged,70,1,0,MULTI,0.18123559997184202
merged_f1_t50,merged,50,1,1,NETSPA,0.05757180001819506
merged_f1_t50,merged,50,1,1,TVA,0.05789639998693019
merged_f1_t50,merged,50,1,1,MULTI,0.12933869997505099
merged_f1_t60,merged,60,1,1,NETSPA,0.059638400038238615
merged_f1_t60,merged,60,1,1,TVA,0.05754660000093281
merged_f1_t60,merged,60,1,1,MULTI,0.12800250004511327
merged_f1_t70,merged,70,1,1,NETSPA,0.05112069996539503
merged_f1_t70,merged,70,1,1,TVA,0.058996899984776974
merged_f1_t70,merged,70,1,1,MULTI,0.12666380003793165
merged_f1_t50,merged,50,1,2,NETSPA,0.04733919998398051
merged_f1_t50,merged,50,1,2,TVA,0.09917529998347163
merged_f1_t50,merged,50,1,2,MULTI,0.04151950002415106
merged_f1_t60,merged,60,1,2,NETSPA,0.04688219999661669
merged_f1_t60,merged,60,1,2,TVA,0.10059809999074787
merged_f1_t60,merged,60,1,2,MULTI,0.0437417000066489
merged_f1_t70,merged,70,1,2,NETSPA,0.04760410002199933
merged_f1_t70,merged,70,1,2,TVA,0.09623759996611625
merged_f1_t70,merged,70,1,2,MULTI,0.04371370002627373
merged_f1_t50,merged,50,1,3,NETSPA,0.03641380002954975
merged_f1_t50,merged,50,1,3,TVA,0.09039149997988716
merged_f1_t50,merged,50,1,3,MULTI,0.04226539999945089
merged_f1_t60,merged,60,1,3,NETSPA,0.03623410000000149
merged_f1_t60,merged,60,1,3,TVA,0.09104310005204752
merged_f1_t60,merged,60,1,3,MULTI,0.044229700055439025
merged_f1_t70,merged,70,1,3,NETSPA,0.03623239998705685
merged_f1_t70,merged,70,1,3,TVA,0.09008320001885295
merged_f1_t70,merged,70,1,3,MULTI,0.04225679999217391
merged_f1_t90,merged,90,1,0,NETSPA,0.11190509999869391
merged_f1_t90,merged,90,1,0,TVA,0.09728899999754503
merged_f1_t90,merged,90,1,0,MULTI,0.19228230003500357
merged_f2_t0,merged,0,2,0,NETSPA,0.11722060001920909
merged_f2_t0,merged,0,2,0,TVA,0.09442199999466538
merged_f2_t0,merged,0,2,0,MULTI,0.19413800002075732
0443
merged_f1_t90,merged,90,1,1,NETSPA,0.051169499987736344
merged_f1_t90,merged,90,1,1,TVA,0.11353720002807677
merged_f1_t90,merged,90,1,1,MULTI,0.05974140000762418
merged_f1_t80,merged,80,1,1,NETSPA,0.05041870003333315
merged_f1_t80,merged,80,1,1,TVA,0.1132346999947913
merged_f1_t80,merged,80,1,1,MULTI,0.061377500009257346
merged_f2_t0,merged,0,2,1,NETSPA,0.05430640000849962
merged_f2_t0,merged,0,2,1,TVA,0.11206010001478717
merged_f2_t0,merged,0,2,1,MULTI,0.0643314000335522
merged_f1_t90,merged,90,1,2,NETSPA,0.0402590999729
merged_f1_t90,merged,90,1,2,TVA,0.09019880002597347
merged_f1_t90,merged,90,1,2,MULTI,0.04448330000741407
merged_f1_t80,merged,80,1,2,NETSPA,0.04132930003106594
merged_f1_t80,merged,80,1,2,TVA,0.09123600000748411
merged_f1_t80,merged,80,1,2,MULTI,0.04347419994883239
merged_f2_t0,merged,0,2,2,NETSPA,0.03996279998682439
merged_f2_t0,merged,0,2,2,TVA,0.08958699996583164
merged_f2_t0,merged,0,2,2,MULTI,0.04687820002436638
merged_f1_t90,merged,90,1,3,NETSPA,0.11577889998443425
merged_f1_t90,merged,90,1,3,TVA,0.03799979999894276
merged_f1_t90,merged,90,1,3,MULTI,0.03888080001343042
merged_f1_t80,merged,80,1,3,NETSPA,0.1146563000511378
merged_f1_t80,merged,80,1,3,TVA,0.03814119996968657
merged_f1_t80,merged,80,1,3,MULTI,0.049250799987930804
merged_f2_t0,merged,0,2,3,NETSPA,0.11068729998078197
merged_f2_t0,merged,0,2,3,TVA,0.03964309999719262
merged_f2_t0,merged,0,2,3,MULTI,0.05020509997848421
merged_f2_t100,merged,100,2,0,NETSPA,0.13776630000211298
merged_f2_t100,merged,100,2,0,TVA,0.09345220000250265
merged_f2_t100,merged,100,2,0,MULTI,0.17623809998622164
merged_f2_t110,merged,110,2,0,NETSPA,0.1414961000555195
merged_f2_t110,merged,110,2,0,TVA,0.0909337000339292
merged_f2_t110,merged,110,2,0,MULTI,0.1723539999802597
merged_f2_t10,merged,10,2,0,NETSPA,0.14078309998149052
merged_f2_t10,merged,10,2,0,TVA,0.09372200001962483
merged_f2_t10,merged,10,2,0,MULTI,0.17549539997708052
merged_f2_t100,merged,100,2,1,NETSPA,0.049354400020092726
merged_f2_t100,merged,100,2,1,TVA,0.11113330000080168
merged_f2_t100,merged,100,2,1,MULTI,0.06443420000141487
merged_f2_t110,merged,110,2,1,NETSPA,0.047711199964396656
merged_f2_t110,merged,110,2,1,TVA,0.11217070004204288
merged_f2_t110,merged,110,2,1,MULTI,0.07024659996386617
merged_f2_t10,merged,10,2,1,NETSPA,0.04897259996505454
merged_f2_t10,merged,10,2,1,TVA,0.1105235000140965
merged_f2_t10,merged,10,2,1,MULTI,0.07179760001599789
merged_f2_t100,merged,100,2,2,NETSPA,0.09542690002126619
merged_f2_t100,merged,100,2,2,TVA,0.041781999985687435
merged_f2_t100,merged,100,2,2,MULTI,0.04438149998895824
merged_f2_t110,merged,110,2,2,NETSPA,0.09445949998917058
merged_f2_t110,merged,110,2,2,TVA,0.04057870001997799
merged_f2_t110,merged,110,2,2,MULTI,0.04332840000279248
merged_f2_t10,merged,10,2,2,NETSPA,0.09284449997358024
merged_f2_t10,merged,10,2,2,TVA,0.040414399991277605
merged_f2_t10,merged,10,2,2,MULTI,0.04404960002284497
merged_f2_t100,merged,100,2,3,NETSPA,0.09258120000595227
merged_f2_t100,merged,100,2,3,TVA,0.035538600001018494
merged_f2_t100,merged,100,2,3,MULTI,0.10259400005452335
merged_f2_t10,merged,10,2,3,NETSPA,0.08850640000309795
merged_f2_t10,merged,10,2,3,TVA,0.038819000008516014
merged_f2_t10,merged,10,2,3,MULTI,0.09911559999454767
merged_f2_t110,merged,110,2,3,NETSPA,0.08755900000687689
merged_f2_t110,merged,110,2,3,TVA,0.03926829999545589
merged_f2_t110,merged,110,2,3,MULTI,0.10150240000803024
merged_f2_t120,merged,120,2,0,NETSPA,0.08078429999295622
merged_f2_t120,merged,120,2,0,TVA,0.15968129999237135
merged_f2_t120,merged,120,2,0,MULTI,0.12783270003274083
merged_f2_t130,merged,130,2,0,NETSPA,0.08540849998826161
merged_f2_t130,merged,130,2,0,TVA,0.1555046000285074
merged_f2_t130,merged,130,2,0,MULTI,0.12711440003477037
merged_f2_t140,merged,140,2,0,NETSPA,0.08306550001725554
merged_f2_t140,merged,140,2,0,TVA,0.15698450000490993
merged_f2_t140,merged,140,2,0,MULTI,0.12813069997355342
merged_f2_t120,merged,120,2,1,NETSPA,0.0445047999965027
merged_f2_t120,merged,120,2,1,TVA,0.0939994000364095
merged_f2_t120,merged,120,2,1,MULTI,0.056190499977674335
merged_f2_t130,merged,130,2,1,NETSPA,0.0426863000029698
merged_f2_t130,merged,130,2,1,TVA,0.09335299994563684
merged_f2_t130,merged,130,2,1,MULTI,0.05749340000329539
merged_f2_t140,merged,140,2,1,NETSPA,0.04379650001646951
merged_f2_t140,merged,140,2,1,TVA,0.09327399998437613
merged_f2_t140,merged,140,2,1,MULTI,0.05699710000772029
merged_f2_t120,merged,120,2,2,NETSPA,0.09142670000437647
merged_f2_t120,merged,120,2,2,TVA,0.04495609999867156
merged_f2_t120,merged,120,2,2,MULTI,0.04237859998829663
merged_f2_t130,merged,130,2,2,NETSPA,0.09019210003316402
merged_f2_t130,merged,130,2,2,TVA,0.04158449999522418
merged_f2_t130,merged,130,2,2,MULTI,0.08939699997426942
merged_f2_t140,merged,140,2,2,NETSPA,0.09084259998053312
merged_f2_t140,merged,140,2,2,TVA,0.042787900019902736
merged_f2_t140,merged,140,2,2,MULTI,0.09085609996691346
merged_f2_t120,merged,120,2,3,NETSPA,0.07468899997184053
merged_f2_t120,merged,120,2,3,TVA,0.037112099991645664
merged_f2_t120,merged,120,2,3,MULTI,0.07973320002201945
merged_f2_t130,merged,130,2,3,NETSPA,0.037772700015921146
merged_f2_t130,merged,130,2,3,TVA,0.03407799999695271
merged_f2_t130,merged,130,2,3,MULTI,0.07764269999461249
merged_f2_t140,merged,140,2,3,NETSPA,0.03823469998314977
merged_f2_t140,merged,140,2,3,TVA,0.035769500012975186
merged_f2_t140,merged,140,2,3,MULTI,0.07708479999564588
merged_f2_t150,merged,150,2,0,NETSPA,0.061283299990464
merged_f2_t150,merged,150,2,0,TVA,0.1463470000308007
merged_f2_t150,merged,150,2,0,MULTI,0.12846470001386479
merged_f2_t160,merged,160,2,0,NETSPA,0.06381249998230487
merged_f2_t160,merged,160,2,0,TVA,0.13694410002790391
merged_f2_t160,merged,160,2,0,MULTI,0.12755630002357066
merged_f2_t170,merged,170,2,0,NETSPA,0.06370779999997467
merged_f2_t170,merged,170,2,0,TVA,0.141077000007499
merged_f2_t170,merged,170,2,0,MULTI,0.1282140999683179
merged_f2_t150,merged,150,2,1,NETSPA,0.09848589997272938
merged_f2_t150,merged,150,2,1,TVA,0.05230109998956323
merged_f2_t150,merged,150,2,1,MULTI,0.0637412000214681
merged_f2_t160,merged,160,2,1,NETSPA,0.09615029999986291
merged_f2_t160,merged,160,2,1,TVA,0.05372599995462224
merged_f2_t160,merged,160,2,1,MULTI,0.06440380000276491
merged_f2_t170,merged,170,2,1,NETSPA,0.09501889999955893
merged_f2_t170,merged,170,2,1,TVA,0.055820400011725724
merged_f2_t170,merged,170,2,1,MULTI,0.06420200003776699
merged_f2_t160,merged,160,2,2,NETSPA,0.09228530002292246
merged_f2_t160,merged,160,2,2,TVA,0.03940050001256168
merged_f2_t160,merged,160,2,2,MULTI,0.10109709994867444
merged_f2_t150,merged,150,2,2,NETSPA,0.09650029998738319
merged_f2_t150,merged,150,2,2,TVA,0.04225250001763925
merged_f2_t150,merged,150,2,2,MULTI,0.10219980002148077
merged_f2_t170,merged,170,2,2,NETSPA,0.08839849999640137
merged_f2_t170,merged,170,2,2,TVA,0.041636899986770004
merged_f2_t170,merged,170,2,2,MULTI,0.10123380000004545
merged_f2_t150,merged,150,2,3,NETSPA,0.035384299990255386
merged_f2_t150,merged,150,2,3,TVA,0.041577700001653284
merged_f2_t150,merged,150,2,3,MULTI,0.09367959998780861
merged_f2_t160,merged,160,2,3,NETSPA,0.036073299997951835
merged_f2_t160,merged,160,2,3,TVA,0.0412093999912031
merged_f2_t160,merged,160,2,3,MULTI,0.0948787999805063
merged_f2_t170,merged,170,2,3,NETSPA,0.036256899998988956
merged_f2_t170,merged,170,2,3,TVA,0.03880889998981729
merged_f2_t170,merged,170,2,3,MULTI,0.09220159996766597
merged_f2_t190,merged,190,2,0,NETSPA,0.06313680001767352
merged_f2_t190,merged,190,2,0,TVA,0.14424589998088777
merged_f2_t190,merged,190,2,0,MULTI,0.12250110000604764
merged_f2_t194,merged,194,2,0,NETSPA,0.06868000002577901
merged_f2_t194,merged,194,2,0,TVA,0.14124299999093637
merged_f2_t194,merged,194,2,0,MULTI,0.11969089997000992
merged_f2_t180,merged,180,2,0,NETSPA,0.0638652999768965
merged_f2_t180,merged,180,2,0,TVA,0.14639309997437522
merged_f2_t180,merged,180,2,0,MULTI,0.12586390000069514
merged_f2_t180,merged,180,2,1,NETSPA,0.09166460001142696
merged_f2_t180,merged,180,2,1,TVA,0.04793629999039695
merged_f2_t180,merged,180,2,1,MULTI,0.06282099999953061
merged_f2_t194,merged,194,2,1,NETSPA,0.09298509999644011
merged_f2_t194,merged,194,2,1,TVA,0.0486127000185661
merged_f2_t194,merged,194,2,1,MULTI,0.0632317999843508
merged_f2_t190,merged,190,2,1,NETSPA,0.0936568999895826
merged_f2_t190,merged,190,2,1,TVA,0.0511261000065133
merged_f2_t190,merged,190,2,1,MULTI,0.06692369998199865
merged_f2_t194,merged,194,2,2,NETSPA,0.08371530001750216
merged_f2_t194,merged,194,2,2,TVA,0.03714410000247881
merged_f2_t194,merged,194,2,2,MULTI,0.09202939999522641
merged_f2_t180,merged,180,2,2,NETSPA,0.08537179999984801
merged_f2_t180,merged,180,2,2,TVA,0.04263149999314919
merged_f2_t180,merged,180,2,2,MULTI,0.09116579999681562
merged_f2_t190,merged,190,2,2,NETSPA,0.08294829999795184
merged_f2_t190,merged,190,2,2,TVA,0.04202480003004894
merged_f2_t190,merged,190,2,2,MULTI,0.09058849996654317
merged_f2_t194,merged,194,2,3,NETSPA,0.036254000035114586
merged_f2_t194,merged,194,2,3,TVA,0.03624019998824224
merged_f2_t194,merged,194,2,3,MULTI,0.08993780001765117
merged_f2_t190,merged,190,2,3,NETSPA,0.03680649999296293
merged_f2_t190,merged,190,2,3,TVA,0.03812820004532114
merged_f2_t190,merged,190,2,3,MULTI,0.09404639998683706
merged_f2_t180,merged,180,2,3,NETSPA,0.03704419999849051
merged_f2_t180,merged,180,2,3,TVA,0.03848419996211305
merged_f2_t180,merged,180,2,3,MULTI,0.09455440001329407
merged_f2_t20,merged,20,2,0,NETSPA,0.06817380001302809
merged_f2_t20,merged,20,2,0,TVA,0.14258270000573248
merged_f2_t20,merged,20,2,0,MULTI,0.1343147999723442
merged_f2_t40,merged,40,2,0,NETSPA,0.06805910001276061
merged_f2_t40,merged,40,2,0,TVA,0.14983700000448152
merged_f2_t40,merged,40,2,0,MULTI,0.12809650000417605
merged_f2_t30,merged,30,2,0,NETSPA,0.06689150002785027
merged_f2_t30,merged,30,2,0,TVA,0.14792499999748543
merged_f2_t30,merged,30,2,0,MULTI,0.1324599999934435
merged_f2_t20,merged,20,2,1,NETSPA,0.10642989998450503
merged_f2_t20,merged,20,2,1,TVA,0.057298800034914166
merged_f2_t20,merged,20,2,1,MULTI,0.06661179999355227
merged_f2_t40,merged,40,2,1,NETSPA,0.10552250000182539
merged_f2_t40,merged,40,2,1,TVA,0.056818899989593774
merged_f2_t40,merged,40,2,1,MULTI,0.11530020000645891
merged_f2_t30,merged,30,2,1,NETSPA,0.10613719996763393
merged_f2_t30,merged,30,2,1,TVA,0.05771130003267899
merged_f2_t30,merged,30,2,1,MULTI,0.11570340004982427
merged_f2_t20,merged,20,2,2,NETSPA,0.07612889999290928
merged_f2_t20,merged,20,2,2,TVA,0.039384600007906556
merged_f2_t20,merged,20,2,2,MULTI,0.1022506000008434
merged_f2_t40,merged,40,2,2,NETSPA,0.03860920004080981
merged_f2_t40,merged,40,2,2,TVA,0.0394772999570705
merged_f2_t40,merged,40,2,2,MULTI,0.0967658000299707
merged_f2_t30,merged,30,2,2,NETSPA,0.039181700034532696
merged_f2_t30,merged,30,2,2,TVA,0.04059049999341369
merged_f2_t30,merged,30,2,2,MULTI,0.1051185000105761
merged_f2_t20,merged,20,2,3,NETSPA,0.04436619998887181
merged_f2_t20,merged,20,2,3,TVA,0.09786560002248734
merged_f2_t20,merged,20,2,3,MULTI,0.035447899950668216
merged_f2_t40,merged,40,2,3,NETSPA,0.04229829995892942
merged_f2_t40,merged,40,2,3,TVA,0.0935882999910973
merged_f2_t40,merged,40,2,3,MULTI,0.039912500011269
merged_f2_t30,merged,30,2,3,NETSPA,0.04069349996279925
merged_f2_t30,merged,30,2,3,TVA,0.08949820004636422
merged_f2_t30,merged,30,2,3,MULTI,0.03725890000350773
merged_f2_t50,merged,50,2,0,NETSPA,0.07774480001535267
merged_f2_t50,merged,50,2,0,TVA,0.13824890000978485
merged_f2_t50,merged,50,2,0,MULTI,0.12274059996707365
merged_f2_t60,merged,60,2,0,NETSPA,0.07328140002209693
merged_f2_t60,merged,60,2,0,TVA,0.13614550000056624
merged_f2_t60,merged,60,2,0,MULTI,0.12088899995433167
merged_f2_t70,merged,70,2,0,NETSPA,0.07435910002095625
merged_f2_t70,merged,70,2,0,TVA,0.1368891000165604
merged_f2_t70,merged,70,2,0,MULTI,0.12086709996219724
merged_f2_t50,merged,50,2,1,NETSPA,0.09058059996459633
merged_f2_t50,merged,50,2,1,TVA,0.049443299998529255
merged_f2_t50,merged,50,2,1,MULTI,0.11905290000140667
merged_f2_t60,merged,60,2,1,NETSPA,0.0917339000152424
merged_f2_t60,merged,60,2,1,TVA,0.04978790000313893
merged_f2_t60,merged,60,2,1,MULTI,0.11714250000659376
merged_f2_t70,merged,70,2,1,NETSPA,0.08886980003444478
merged_f2_t70,merged,70,2,1,TVA,0.050552900007460266
merged_f2_t70,merged,70,2,1,MULTI,0.11755889997584745
merged_f2_t60,merged,60,2,2,NETSPA,0.03945649997331202
merged_f2_t60,merged,60,2,2,TVA,0.0985773999709636
merged_f2_t60,merged,60,2,2,MULTI,0.050391500000841916
merged_f2_t50,merged,50,2,2,NETSPA,0.046856499975547194
merged_f2_t50,merged,50,2,2,TVA,0.09962230001110584
merged_f2_t50,merged,50,2,2,MULTI,0.05153880000580102
merged_f2_t70,merged,70,2,2,NETSPA,0.04587939998600632
merged_f2_t70,merged,70,2,2,TVA,0.09819499996956438
merged_f2_t70,merged,70,2,2,MULTI,0.057602800021413714
merged_f2_t60,merged,60,2,3,NETSPA,0.04552409995812923
merged_f2_t60,merged,60,2,3,TVA,0.09320800000568852
merged_f2_t60,merged,60,2,3,MULTI,0.042287099990062416
merged_f2_t50,merged,50,2,3,NETSPA,0.043383399955928326
merged_f2_t50,merged,50,2,3,TVA,0.09549229999538511
merged_f2_t50,merged,50,2,3,MULTI,0.041078100039158016
merged_f2_t70,merged,70,2,3,NETSPA,0.04041720001259819
merged_f2_t70,merged,70,2,3,TVA,0.09366379998391494
merged_f2_t70,merged,70,2,3,MULTI,0.040654600015841424
merged_f2_t80,merged,80,2,0,NETSPA,0.1544327000156045
merged_f2_t80,merged,80,2,0,TVA,0.09624570002779365
merged_f2_t80,merged,80,2,0,MULTI,0.19955730001674965
merged_f2_t90,merged,90,2,0,NETSPA,0.15521989995613694
merged_f2_t90,merged,90,2,0,TVA,0.09634809999261051
merged_f2_t90,merged,90,2,0,MULTI,0.20186989998910576
merged_f3_t0,merged,0,3,0,NETSPA,0.15325079998001456
merged_f3_t0,merged,0,3,0,TVA,0.09801680000964552
merged_f3_t0,merged,0,3,0,MULTI,0.20737870002631098
merged_f2_t80,merged,80,2,1,NETSPA,0.047050499997567385
merged_f2_t80,merged,80,2,1,TVA,0.055840899993199855
merged_f2_t80,merged,80,2,1,MULTI,0.12285510002402589
merged_f2_t90,merged,90,2,1,NETSPA,0.04754070000490174
merged_f2_t90,merged,90,2,1,TVA,0.05704599997261539
merged_f2_t90,merged,90,2,1,MULTI,0.1258568000048399
merged_f3_t0,merged,0,3,1,NETSPA,0.04807080002501607
merged_f3_t0,merged,0,3,1,TVA,0.06229859997984022
merged_f3_t0,merged,0,3,1,MULTI,0.12191450002137572
merged_f2_t80,merged,80,2,2,NETSPA,0.042608499992638826
merged_f2_t80,merged,80,2,2,TVA,0.1038521999726072
merged_f2_t80,merged,80,2,2,MULTI,0.04228160000639036
merged_f2_t90,merged,90,2,2,NETSPA,0.04136039997683838
merged_f2_t90,merged,90,2,2,TVA,0.10576599999330938
merged_f2_t90,merged,90,2,2,MULTI,0.04089639999438077
merged_f3_t0,merged,0,3,2,NETSPA,0.044257800036575645
merged_f3_t0,merged,0,3,2,TVA,0.09614760003751144
merged_f3_t0,merged,0,3,2,MULTI,0.04247029998805374
merged_f2_t80,merged,80,2,3,NETSPA,0.03555099997902289
merged_f2_t80,merged,80,2,3,TVA,0.08185790001880378
merged_f2_t80,merged,80,2,3,MULTI,0.035037800029385835
merged_f2_t90,merged,90,2,3,NETSPA,0.036211300001014024
merged_f2_t90,merged,90,2,3,TVA,0.07864949997747317
merged_f2_t90,merged,90,2,3,MULTI,0.03347369999391958
merged_f3_t0,merged,0,3,3,NETSPA,0.08759250002913177
merged_f3_t0,merged,0,3,3,TVA,0.03323389997240156
merged_f3_t0,merged,0,3,3,MULTI,0.03643979999469593
merged_f3_t10,merged,10,3,0,NETSPA,0.1244038000004366
merged_f3_t10,merged,10,3,0,TVA,0.09433410002384335
merged_f3_t10,merged,10,3,0,MULTI,0.18429909995757043
merged_f3_t20,merged,20,3,0,NETSPA,0.11782420001691207
merged_f3_t20,merged,20,3,0,TVA,0.09545550000621006
merged_f3_t20,merged,20,3,0,MULTI,0.18791889998828992
merged_f3_t30,merged,30,3,0,NETSPA,0.11106130003463477
merged_f3_t30,merged,30,3,0,TVA,0.09588809998240322
merged_f3_t30,merged,30,3,0,MULTI,0.17928380001103505
merged_f3_t10,merged,10,3,1,NETSPA,0.04060599999502301
merged_f3_t10,merged,10,3,1,TVA,0.104682499950286
merged_f3_t10,merged,10,3,1,MULTI,0.05646590003743768
merged_f3_t30,merged,30,3,1,NETSPA,0.040502000018022954
merged_f3_t30,merged,30,3,1,TVA,0.09919929999159649
merged_f3_t30,merged,30,3,1,MULTI,0.05846580001525581
merged_f3_t20,merged,20,3,1,NETSPA,0.04210969997802749
merged_f3_t20,merged,20,3,1,TVA,0.10729160002665594
merged_f3_t20,merged,20,3,1,MULTI,0.056104599963873625
merged_f3_t10,merged,10,3,2,NETSPA,0.03882730001350865
merged_f3_t10,merged,10,3,2,TVA,0.08644470002036542
merged_f3_t10,merged,10,3,2,MULTI,0.044921399967279285
merged_f3_t20,merged,20,3,2,NETSPA,0.03753669996513054
merged_f3_t20,merged,20,3,2,TVA,0.08606220001820475
merged_f3_t20,merged,20,3,2,MULTI,0.04547610000008717
merged_f3_t30,merged,30,3,2,NETSPA,0.037737200036644936
merged_f3_t30,merged,30,3,2,TVA,0.08810009999433532
merged_f3_t30,merged,30,3,2,MULTI,0.04647649999242276
merged_f3_t20,merged,20,3,3,NETSPA,0.08975129999453202
merged_f3_t20,merged,20,3,3,TVA,0.034848000039346516
merged_f3_t20,merged,20,3,3,MULTI,0.03479720000177622
merged_f3_t10,merged,10,3,3,NETSPA,0.09239089995389804
merged_f3_t10,merged,10,3,3,TVA,0.035648400022182614
merged_f3_t10,merged,10,3,3,MULTI,0.03560920001473278
merged_f3_t30,merged,30,3,3,NETSPA,0.09176179999485612
merged_f3_t30,merged,30,3,3,TVA,0.03413639997597784
merged_f3_t30,merged,30,3,3,MULTI,0.035117599996738136
merged_f3_t50,merged,50,3,0,NETSPA,0.11000509996665642
merged_f3_t50,merged,50,3,0,TVA,0.08597870002267882
merged_f3_t50,merged,50,3,0,MULTI,0.1699945000000298
merged_f3_t40,merged,40,3,0,NETSPA,0.11053309997078031
merged_f3_t40,merged,40,3,0,TVA,0.08680290001211688
merged_f3_t40,merged,40,3,0,MULTI,0.17578920000232756
merged_f3_t60,merged,60,3,0,NETSPA,0.11037000000942498
merged_f3_t60,merged,60,3,0,TVA,0.08563510002568364
merged_f3_t60,merged,60,3,0,MULTI,0.17290919995866716
merged_f3_t50,merged,50,3,1,NETSPA,0.04194109997479245
merged_f3_t50,merged,50,3,1,TVA,0.1028910000459291
merged_f3_t50,merged,50,3,1,MULTI,0.057570200006011873
merged_f3_t60,merged,60,3,1,NETSPA,0.04231160000199452
merged_f3_t60,merged,60,3,1,TVA,0.10511080001015216
merged_f3_t60,merged,60,3,1,MULTI,0.05769380001584068
merged_f3_t40,merged,40,3,1,NETSPA,0.041923200013116
merged_f3_t40,merged,40,3,1,TVA,0.10587019997183233
merged_f3_t40,merged,40,3,1,MULTI,0.0590319000184536
merged_f3_t50,merged,50,3,2,NETSPA,0.08480020001297817
merged_f3_t50,merged,50,3,2,TVA,0.03746349998982623
merged_f3_t50,merged,50,3,2,MULTI,0.040522600000258535
merged_f3_t60,merged,60,3,2,NETSPA,0.04572979995282367
merged_f3_t60,merged,60,3,2,TVA,0.07643419998930767
merged_f3_t60,merged,60,3,2,MULTI,0.041934700042475015
merged_f3_t40,merged,40,3,2,NETSPA,0.09313639998435974
merged_f3_t40,merged,40,3,2,TVA,0.03689470002427697
merged_f3_t40,merged,40,3,2,MULTI,0.04084069997770712
merged_f3_t60,merged,60,3,3,NETSPA,0.08261849998962134
merged_f3_t60,merged,60,3,3,TVA,0.03451810003025457
merged_f3_t60,merged,60,3,3,MULTI,0.03716270002769306
merged_f3_t40,merged,40,3,3,NETSPA,0.08348870003828779
merged_f3_t40,merged,40,3,3,TVA,0.03515059995697811
merged_f3_t40,merged,40,3,3,MULTI,0.03698989999247715
merged_f3_t50,merged,50,3,3,NETSPA,0.08287459996063262
merged_f3_t50,merged,50,3,3,TVA,0.034677800023928285
merged_f3_t50,merged,50,3,3,MULTI,0.08973489998606965
merged_f4_t20,merged,20,4,0,NETSPA,0.07056600000942126
merged_f4_t20,merged,20,4,0,TVA,0.0867566000088118
merged_f4_t20,merged,20,4,0,MULTI,0.17461279995040968
merged_f4_t0,merged,0,4,0,NETSPA,0.11518140003317967
merged_f4_t0,merged,0,4,0,TVA,0.08835969999199733
merged_f4_t0,merged,0,4,0,MULTI,0.17809309996664524
merged_f4_t10,merged,10,4,0,NETSPA,0.11274820001563057
merged_f4_t10,merged,10,4,0,TVA,0.0892079999903217
merged_f4_t10,merged,10,4,0,MULTI,0.17409289994975552
merged_f4_t20,merged,20,4,1,NETSPA,0.04344969999510795
merged_f4_t20,merged,20,4,1,TVA,0.09753420000197366
merged_f4_t20,merged,20,4,1,MULTI,0.07205350004369393
merged_f4_t0,merged,0,4,1,NETSPA,0.04373989999294281
merged_f4_t0,merged,0,4,1,TVA,0.10577890003332868
merged_f4_t0,merged,0,4,1,MULTI,0.08022549998713657
merged_f4_t10,merged,10,4,1,NETSPA,0.04300230002263561
merged_f4_t10,merged,10,4,1,TVA,0.10788739996496588
merged_f4_t10,merged,10,4,1,MULTI,0.07687089999672025
merged_f4_t0,merged,0,4,2,NETSPA,0.08160340000176802
merged_f4_t0,merged,0,4,2,TVA,0.04555449995677918
merged_f4_t0,merged,0,4,2,MULTI,0.048714600037783384
merged_f4_t20,merged,20,4,2,NETSPA,0.0822652000351809
merged_f4_t20,merged,20,4,2,TVA,0.037802199949510396
merged_f4_t20,merged,20,4,2,MULTI,0.10422660002950579
merged_f4_t10,merged,10,4,2,NETSPA,0.08173530001658946
merged_f4_t10,merged,10,4,2,TVA,0.039197799982503057
merged_f4_t10,merged,10,4,2,MULTI,0.10595029999967664
merged_f4_t20,merged,20,4,3,NETSPA,0.03798550000647083
merged_f4_t20,merged,20,4,3,TVA,0.033612500003073364
merged_f4_t20,merged,20,4,3,MULTI,0.08430630003567785
merged_f4_t0,merged,0,4,3,NETSPA,0.08159740001428872
merged_f4_t0,merged,0,4,3,TVA,0.03352739999536425
merged_f4_t0,merged,0,4,3,MULTI,0.08737169997766614
merged_f4_t10,merged,10,4,3,NETSPA,0.035513399983756244
merged_f4_t10,merged,10,4,3,TVA,0.033907399978488684
merged_f4_t10,merged,10,4,3,MULTI,0.08734520000871271
merged_f4_t30,merged,30,4,0,NETSPA,0.06606009998358786
merged_f4_t30,merged,30,4,0,TVA,0.14618689997587353
merged_f4_t30,merged,30,4,0,MULTI,0.1235543999937363
merged_f4_t40,merged,40,4,0,NETSPA,0.06475269998190925
merged_f4_t40,merged,40,4,0,TVA,0.14703900000313297
merged_f4_t40,merged,40,4,0,MULTI,0.11997270002029836
merged_f4_t50,merged,50,4,0,NETSPA,0.06376109999837354
merged_f4_t50,merged,50,4,0,TVA,0.14665379998041317
merged_f4_t50,merged,50,4,0,MULTI,0.12183780001942068
merged_f4_t30,merged,30,4,1,NETSPA,0.09542210004292428
merged_f4_t30,merged,30,4,1,TVA,0.048876200045924634
merged_f4_t30,merged,30,4,1,MULTI,0.06034389999695122
merged_f4_t40,merged,40,4,1,NETSPA,0.0456957999849692
merged_f4_t40,merged,40,4,1,TVA,0.0892203000257723
merged_f4_t40,merged,40,4,1,MULTI,0.0610906999791041
merged_f4_t50,merged,50,4,1,NETSPA,0.09434900002088398
merged_f4_t50,merged,50,4,1,TVA,0.0478620000067167
merged_f4_t50,merged,50,4,1,MULTI,0.060798299964517355
merged_f4_t30,merged,30,4,2,NETSPA,0.08305259997723624
merged_f4_t30,merged,30,4,2,TVA,0.03702789999078959
merged_f4_t30,merged,30,4,2,MULTI,0.09130050003295764
merged_f4_t40,merged,40,4,2,NETSPA,0.08196199999656528
merged_f4_t40,merged,40,4,2,TVA,0.03704749996541068
merged_f4_t40,merged,40,4,2,MULTI,0.09110339998733252
merged_f4_t50,merged,50,4,2,NETSPA,0.07933869998669252
merged_f4_t50,merged,50,4,2,TVA,0.03719679999630898
merged_f4_t50,merged,50,4,2,MULTI,0.08943340001860633
merged_f4_t30,merged,30,4,3,NETSPA,0.03382349997991696
merged_f4_t30,merged,30,4,3,TVA,0.03506710001965985
merged_f4_t30,merged,30,4,3,MULTI,0.0846595999901183
merged_f4_t40,merged,40,4,3,NETSPA,0.033742800005711615
merged_f4_t40,merged,40,4,3,TVA,0.03594199998769909
merged_f4_t40,merged,40,4,3,MULTI,0.0819902999792248
merged_f4_t50,merged,50,4,3,NETSPA,0.03449300001375377
merged_f4_t50,merged,50,4,3,TVA,0.03542660002131015
merged_f4_t50,merged,50,4,3,MULTI,0.08067229995504022
merged_f4_t60,merged,60,4,0,NETSPA,0.06580710003618151
merged_f4_t60,merged,60,4,0,TVA,0.15188570000464097
merged_f4_t60,merged,60,4,0,MULTI,0.12453129998175427
merged_f4_t70,merged,70,4,0,NETSPA,0.06903369998326525
merged_f4_t70,merged,70,4,0,TVA,0.1525893000070937
merged_f4_t70,merged,70,4,0,MULTI,0.12534609995782375
merged_f4_t73,merged,73,4,0,NETSPA,0.06555579998530447
merged_f4_t73,merged,73,4,0,TVA,0.15092569997068495
merged_f4_t73,merged,73,4,0,MULTI,0.12531890004174784
merged_f4_t60,merged,60,4,1,NETSPA,0.09705729997949675
merged_f4_t60,merged,60,4,1,TVA,0.0498298000311479
merged_f4_t60,merged,60,4,1,MULTI,0.06130750000011176
merged_f4_t70,merged,70,4,1,NETSPA,0.09685420000459999
merged_f4_t70,merged,70,4,1,TVA,0.05001269996864721
merged_f4_t70,merged,70,4,1,MULTI,0.06037940003443509
merged_f4_t73,merged,73,4,1,NETSPA,0.09624479996273294
merged_f4_t73,merged,73,4,1,TVA,0.05017280002357438
merged_f4_t73,merged,73,4,1,MULTI,0.0605267999926582
merged_f4_t70,merged,70,4,2,NETSPA,0.08700739999767393
merged_f4_t70,merged,70,4,2,TVA,0.039969900040887296
merged_f4_t70,merged,70,4,2,MULTI,0.0983536999556236
merged_f4_t60,merged,60,4,2,NETSPA,0.09005539998179302
merged_f4_t60,merged,60,4,2,TVA,0.05150190001586452
merged_f4_t60,merged,60,4,2,MULTI,0.09694759995909408
merged_f4_t73,merged,73,4,2,NETSPA,0.09041610005078837
merged_f4_t73,merged,73,4,2,TVA,0.04257710004458204
merged_f4_t73,merged,73,4,2,MULTI,0.0949345999979414
merged_f4_t73,merged,73,4,3,NETSPA,0.03578540001763031
merged_f4_t73,merged,73,4,3,TVA,0.03811869997298345
merged_f4_t73,merged,73,4,3,MULTI,0.08112839999375865
merged_f4_t60,merged,60,4,3,NETSPA,0.03556470002513379
merged_f4_t60,merged,60,4,3,TVA,0.03699310001684353
merged_f4_t60,merged,60,4,3,MULTI,0.08492200000910088
merged_f4_t70,merged,70,4,3,NETSPA,0.03662829997483641
merged_f4_t70,merged,70,4,3,TVA,0.03967020002892241
merged_f4_t70,merged,70,4,3,MULTI,0.08632740000030026
