network,scan,step,filter,aggregation,model,num_nodes,num_edges,density,num_strong_components,indegree,outdegree,close_centrality,avg_indegree,avg_outdegree,avg_close_centrality
merged_f4_t0_aggregation,merged,0,4,0,MULTI,24,5040,9.130434782608695,9,"[0.75, 37.5, 97.25]","[32.0, 42.0, 556.0]","[0.03260869565217391, 0.6859649122807018, 0.7666666666666667]",210.0,210.0,0.4975559369438089
merged_f4_t0_aggregation,merged,0,4,1,MULTI,24,1512,2.739130434782609,9,"[0.75, 29.0, 49.25]","[13.0, 24.0, 152.0]","[0.03260869565217391, 0.6859649122807018, 0.7666666666666667]",63.0,63.0,0.4975559369438089
merged_f4_t0_aggregation,merged,0,4,2,MULTI,24,512,0.927536231884058,9,"[0.75, 18.0, 33.25]","[7.0, 18.0, 39.0]","[0.03260869565217391, 0.5526315789473684, 0.7666666666666667]",21.333333333333332,21.333333333333332,0.4762840071192475
merged_f4_t0_aggregation,merged,0,4,3,MULTI,12,68,0.5151515151515151,5,"[1.0, 8.0, 8.0]","[1.0, 8.0, 8.0]","[0.4090909090909091, 0.6694214876033059, 0.7363636363636364]",5.666666666666667,5.666666666666667,0.5403122130394858
merged_f4_t0_aggregation,merged,0,4,0,NETSPA,652,1302,0.003067484662576687,9,"[1.0, 1.0, 1.0]","[1.0, 1.0, 1.0]","[0.3378308251167618, 0.3378308251167618, 0.3378308251167618]",1.9969325153374233,1.9969325153374233,0.33232919274928563
merged_f4_t0_aggregation,merged,0,4,1,NETSPA,211,420,0.009478672985781991,9,"[1.0, 1.0, 1.0]","[1.0, 1.0, 1.0]","[0.347682119205298, 0.347682119205298, 0.347682119205298]",1.990521327014218,1.990521327014218,0.3298310402653042
merged_f4_t0_aggregation,merged,0,4,2,NETSPA,86,170,0.023255813953488372,9,"[1.0, 1.0, 1.0]","[1.0, 1.0, 1.0]","[0.2954121789560895, 0.37117903930131, 0.37117903930131]",1.9767441860465116,1.9767441860465116,0.32381382999809905
merged_f4_t0_aggregation,merged,0,4,3,NETSPA,21,28,0.06666666666666667,7,"[1.0, 1.0, 1.0]","[1.0, 1.0, 1.0]","[0.23703703703703705, 0.2745762711864407, 0.32000000000000006]",1.3333333333333333,1.3333333333333333,0.26115550041183994
merged_f4_t0_aggregation,merged,0,4,0,TVA,651,5667,0.013392414037575328,9,"[8.0, 8.0, 8.0]","[1.0, 1.0, 1.0]","[0.2719665271966527, 0.2719665271966527, 0.2719665271966527]",8.705069124423963,8.705069124423963,0.27893757268465535
merged_f4_t0_aggregation,merged,0,4,1,TVA,210,1698,0.038687628161312375,9,"[8.0, 8.0, 8.0]","[1.0, 1.0, 1.0]","[0.2863013698630137, 0.2863013698630137, 0.2863013698630137]",8.085714285714285,8.085714285714285,0.2986418132403682
merged_f4_t0_aggregation,merged,0,4,2,TVA,85,573,0.08025210084033614,9,"[7.0, 8.0, 8.0]","[1.0, 1.0, 7.0]","[0.2906574394463668, 0.2937062937062937, 0.3620689655172414]",6.741176470588235,6.741176470588235,0.30544592597927983
merged_f4_t0_aggregation,merged,0,4,3,TVA,20,76,0.2,7,"[1.0, 1.5, 8.0]","[1.0, 1.0, 8.0]","[0.31163434903047094, 0.3455513784461153, 0.493421052631579]",3.8,3.8,0.3575981943190009
merged_f4_t10_aggregation,merged,10,4,0,MULTI,24,4928,8.927536231884059,9,"[0.75, 33.5, 76.0]","[32.0, 42.0, 542.0]","[0.03260869565217391, 0.6134423897581792, 0.7666666666666667]",205.33333333333334,205.33333333333334,0.49151239340026537
merged_f4_t10_aggregation,merged,10,4,1,MULTI,24,1440,2.608695652173913,9,"[0.75, 25.5, 43.75]","[13.0, 24.0, 143.0]","[0.03260869565217391, 0.6134423897581792, 0.7666666666666667]",60.0,60.0,0.49151239340026537
merged_f4_t10_aggregation,merged,10,4,2,MULTI,24,472,0.855072463768116,9,"[0.75, 17.5, 33.0]","[7.0, 18.0, 34.0]","[0.03260869565217391, 0.5526315789473684, 0.7666666666666667]",19.666666666666668,19.666666666666668,0.46419692003216034
merged_f4_t10_aggregation,merged,10,4,3,MULTI,18,76,0.24836601307189543,11,"[1.0, 2.0, 8.0]","[1.0, 2.0, 8.0]","[0.2801120448179272, 0.3095975232198142, 0.43315508021390375]",4.222222222222222,4.222222222222222,0.33881437333449715
merged_f4_t10_aggregation,merged,10,4,0,NETSPA,638,1274,0.003134796238244514,9,"[1.0, 1.0, 1.0]","[1.0, 1.0, 1.0]","[0.33793103448275863, 0.33793103448275863, 0.33793103448275863]",1.9968652037617556,1.9968652037617556,0.33231450221058295
merged_f4_t10_aggregation,merged,10,4,1,NETSPA,202,402,0.009900990099009901,9,"[1.0, 1.0, 1.0]","[1.0, 1.0, 1.0]","[0.3483535528596187, 0.3483535528596187, 0.3483535528596187]",1.99009900990099,1.99009900990099,0.3296878561381351
merged_f4_t10_aggregation,merged,10,4,2,NETSPA,81,160,0.024691358024691357,9,"[1.0, 1.0, 1.0]","[1.0, 1.0, 1.0]","[0.2909090909090909, 0.37383177570093457, 0.37383177570093457]",1.9753086419753085,1.9753086419753085,0.3231719570910538
merged_f4_t10_aggregation,merged,10,4,3,NETSPA,27,44,0.06267806267806268,3,"[1.0, 1.0, 1.0]","[1.0, 1.0, 2.0]","[0.24299065420560748, 0.3023255813953488, 0.41935483870967744]",1.6296296296296295,1.6296296296296295,0.3126039217563747
merged_f4_t10_aggregation,merged,10,4,0,TVA,637,5541,0.013677023784840496,9,"[8.0, 8.0, 8.0]","[1.0, 1.0, 1.0]","[0.27237687366167024, 0.27249357326478146, 0.27249357326478146]",8.698587127158556,8.698587127158556,0.27952401647281755
merged_f4_t10_aggregation,merged,10,4,1,TVA,201,1617,0.04022388059701493,9,"[8.0, 8.0, 8.0]","[1.0, 1.0, 1.0]","[0.28776978417266186, 0.2881844380403458, 0.2881844380403458]",8.044776119402986,8.044776119402986,0.300400801903891
merged_f4_t10_aggregation,merged,10,4,2,TVA,80,528,0.08354430379746836,9,"[5.75, 8.0, 8.0]","[1.0, 1.0, 7.0]","[0.29924242424242425, 0.30268199233716475, 0.38126510019422993]",6.6,6.6,0.3091778606142914
merged_f4_t10_aggregation,merged,10,4,3,TVA,26,84,0.12923076923076923,12,"[1.0, 1.0, 8.0]","[1.0, 1.0, 8.0]","[0.18962962962962962, 0.23684210526315788, 0.375]",3.230769230769231,3.230769230769231,0.26201934667535665
merged_f4_t20_aggregation,merged,20,4,0,MULTI,24,4888,8.855072463768115,9,"[0.75, 33.5, 74.0]","[31.0, 42.0, 538.0]","[0.03260869565217391, 0.6134423897581792, 0.7666666666666667]",203.66666666666666,203.66666666666666,0.49151239340026537
merged_f4_t20_aggregation,merged,20,4,1,MULTI,24,1416,2.5652173913043477,9,"[0.75, 25.5, 43.75]","[13.0, 23.0, 141.0]","[0.03260869565217391, 0.6134423897581792, 0.7666666666666667]",59.0,59.0,0.49151239340026537
merged_f4_t20_aggregation,merged,20,4,2,MULTI,24,464,0.8405797101449275,9,"[0.75, 17.5, 33.0]","[7.0, 17.0, 34.0]","[0.03260869565217391, 0.5526315789473684, 0.7666666666666667]",19.333333333333332,19.333333333333332,0.46419692003216034
merged_f4_t20_aggregation,merged,20,4,3,MULTI,18,76,0.24836601307189543,11,"[1.0, 2.0, 8.0]","[1.0, 2.0, 8.0]","[0.2801120448179272, 0.3095975232198142, 0.43315508021390375]",4.222222222222222,4.222222222222222,0.33881437333449715
merged_f4_t20_aggregation,merged,20,4,0,NETSPA,633,1264,0.00315955766192733,9,"[1.0, 1.0, 1.0]","[1.0, 1.0, 1.0]","[0.33796791443850266, 0.33796791443850266, 0.33796791443850266]",1.9968404423380726,1.9968404423380726,0.3323066996352382
merged_f4_t20_aggregation,merged,20,4,1,NETSPA,199,396,0.010050251256281407,9,"[1.0, 1.0, 1.0]","[1.0, 1.0, 1.0]","[0.3485915492957746, 0.3485915492957746, 0.3485915492957746]",1.9899497487437185,1.9899497487437185,0.32963115629467127
merged_f4_t20_aggregation,merged,20,4,2,NETSPA,80,158,0.025,9,"[1.0, 1.0, 1.0]","[1.0, 1.0, 1.0]","[0.2909790086911858, 0.3744075829383886, 0.3744075829383886]",1.975,1.975,0.32302877557925447
merged_f4_t20_aggregation,merged,20,4,3,NETSPA,27,44,0.06267806267806268,3,"[1.0, 1.0, 1.0]","[1.0, 1.0, 2.0]","[0.24299065420560748, 0.3023255813953488, 0.41935483870967744]",1.6296296296296295,1.6296296296296295,0.3126039217563747
merged_f4_t20_aggregation,merged,20,4,0,TVA,632,5496,0.013781620493891552,9,"[8.0, 8.0, 8.0]","[1.0, 1.0, 1.0]","[0.27257019438444924, 0.2726879861711322, 0.2726879861711322]",8.69620253164557,8.69620253164557,0.27944743937025124
merged_f4_t20_aggregation,merged,20,4,1,TVA,198,1590,0.04076295954468543,9,"[8.0, 8.0, 8.0]","[1.0, 1.0, 1.0]","[0.2884333821376281, 0.28885630498533726, 0.28885630498533726]",8.030303030303031,8.030303030303031,0.300125706158869
merged_f4_t20_aggregation,merged,20,4,2,TVA,79,519,0.08422590068159688,9,"[5.5, 8.0, 8.0]","[1.0, 1.0, 7.0]","[0.30115830115830117, 0.3046875, 0.36974299065420557]",6.569620253164557,6.569620253164557,0.30829082209923936
merged_f4_t20_aggregation,merged,20,4,3,TVA,26,84,0.12923076923076923,12,"[1.0, 1.0, 8.0]","[1.0, 1.0, 8.0]","[0.18962962962962962, 0.23684210526315788, 0.375]",3.230769230769231,3.230769230769231,0.26201934667535665
merged_f4_t30_aggregation,merged,30,4,0,MULTI,24,4856,8.797101449275363,9,"[0.75, 33.5, 74.0]","[30.0, 42.0, 535.0]","[0.03260869565217391, 0.6134423897581792, 0.7666666666666667]",202.33333333333334,202.33333333333334,0.49151239340026537
merged_f4_t30_aggregation,merged,30,4,1,MULTI,24,1400,2.536231884057971,9,"[0.75, 25.5, 43.0]","[13.0, 22.0, 140.0]","[0.03260869565217391, 0.6134423897581792, 0.7666666666666667]",58.333333333333336,58.333333333333336,0.49151239340026537
merged_f4_t30_aggregation,merged,30,4,2,MULTI,24,456,0.8260869565217391,9,"[0.75, 17.5, 33.0]","[7.0, 16.0, 34.0]","[0.03260869565217391, 0.5526315789473684, 0.7666666666666667]",19.0,19.0,0.46419692003216034
merged_f4_t30_aggregation,merged,30,4,3,MULTI,18,76,0.24836601307189543,11,"[1.0, 2.0, 8.0]","[1.0, 2.0, 8.0]","[0.2801120448179272, 0.3095975232198142, 0.43315508021390375]",4.222222222222222,4.222222222222222,0.33881437333449715
merged_f4_t30_aggregation,merged,30,4,0,NETSPA,629,1256,0.003179650238473768,9,"[1.0, 1.0, 1.0]","[1.0, 1.0, 1.0]","[0.3379978471474704, 0.3379978471474704, 0.3379978471474704]",1.9968203497615262,1.9968203497615262,0.3323010587382753
merged_f4_t30_aggregation,merged,30,4,1,NETSPA,197,392,0.01015228426395939,9,"[1.0, 1.0, 1.0]","[1.0, 1.0, 1.0]","[0.3487544483985765, 0.3487544483985765, 0.3487544483985765]",1.9898477157360406,1.9898477157360406,0.32959258436159083
merged_f4_t30_aggregation,merged,30,4,2,NETSPA,79,156,0.02531645569620253,9,"[1.0, 1.0, 1.0]","[1.0, 1.0, 1.0]","[0.2910488283697423, 0.375, 0.375]",1.9746835443037976,1.9746835443037976,0.32287215509435757
merged_f4_t30_aggregation,merged,30,4,3,NETSPA,27,44,0.06267806267806268,3,"[1.0, 1.0, 1.0]","[1.0, 1.0, 2.0]","[0.24299065420560748, 0.3023255813953488, 0.41935483870967744]",1.6296296296296295,1.6296296296296295,0.3126039217563747
merged_f4_t30_aggregation,merged,30,4,0,TVA,628,5460,0.01386645536829915,9,"[8.0, 8.0, 8.0]","[1.0, 1.0, 1.0]","[0.2727272727272727, 0.27284595300261094, 0.27284595300261094]",8.694267515923567,8.694267515923567,0.27932799600987873
merged_f4_t30_aggregation,merged,30,4,1,TVA,196,1572,0.04113029827315542,9,"[8.0, 8.0, 8.0]","[1.0, 1.0, 1.0]","[0.28888888888888886, 0.2893175074183976, 0.2893175074183976]",8.020408163265307,8.020408163265307,0.2996365681059436
merged_f4_t30_aggregation,merged,30,4,2,TVA,78,510,0.08491508491508491,9,"[5.25, 8.0, 8.0]","[1.0, 1.0, 7.0]","[0.3031496062992126, 0.30677290836653387, 0.36364995349249235]",6.538461538461538,6.538461538461538,0.3074165591164276
merged_f4_t30_aggregation,merged,30,4,3,TVA,26,84,0.12923076923076923,12,"[1.0, 1.0, 8.0]","[1.0, 1.0, 8.0]","[0.18962962962962962, 0.23684210526315788, 0.375]",3.230769230769231,3.230769230769231,0.26201934667535665
merged_f4_t40_aggregation,merged,40,4,0,MULTI,24,4808,8.710144927536232,9,"[0.75, 33.5, 74.0]","[30.0, 42.0, 529.0]","[0.03260869565217391, 0.6134423897581792, 0.7666666666666667]",200.33333333333334,200.33333333333334,0.49151239340026537
merged_f4_t40_aggregation,merged,40,4,1,MULTI,24,1400,2.536231884057971,9,"[0.75, 25.5, 43.0]","[13.0, 22.0, 140.0]","[0.03260869565217391, 0.6134423897581792, 0.7666666666666667]",58.333333333333336,58.333333333333336,0.49151239340026537
merged_f4_t40_aggregation,merged,40,4,2,MULTI,24,456,0.8260869565217391,9,"[0.75, 17.5, 33.0]","[7.0, 16.0, 34.0]","[0.03260869565217391, 0.5526315789473684, 0.7666666666666667]",19.0,19.0,0.46419692003216034
merged_f4_t40_aggregation,merged,40,4,3,MULTI,18,76,0.24836601307189543,11,"[1.0, 2.0, 8.0]","[1.0, 2.0, 8.0]","[0.2801120448179272, 0.3095975232198142, 0.43315508021390375]",4.222222222222222,4.222222222222222,0.33881437333449715
merged_f4_t40_aggregation,merged,40,4,0,NETSPA,623,1244,0.0032102728731942215,9,"[1.0, 1.0, 1.0]","[1.0, 1.0, 1.0]","[0.33804347826086956, 0.33804347826086956, 0.33804347826086956]",1.9967897271268058,1.9967897271268058,0.332291336738223
merged_f4_t40_aggregation,merged,40,4,1,NETSPA,197,392,0.01015228426395939,9,"[1.0, 1.0, 1.0]","[1.0, 1.0, 1.0]","[0.3487544483985765, 0.3487544483985765, 0.3487544483985765]",1.9898477157360406,1.9898477157360406,0.32959258436159083
merged_f4_t40_aggregation,merged,40,4,2,NETSPA,79,156,0.02531645569620253,9,"[1.0, 1.0, 1.0]","[1.0, 1.0, 1.0]","[0.2910488283697423, 0.375, 0.375]",1.9746835443037976,1.9746835443037976,0.32287215509435757
merged_f4_t40_aggregation,merged,40,4,3,NETSPA,27,44,0.06267806267806268,3,"[1.0, 1.0, 1.0]","[1.0, 1.0, 2.0]","[0.24299065420560748, 0.3023255813953488, 0.41935483870967744]",1.6296296296296295,1.6296296296296295,0.3126039217563747
merged_f4_t40_aggregation,merged,40,4,0,TVA,622,5406,0.01399568168755922,9,"[8.0, 8.0, 8.0]","[1.0, 1.0, 1.0]","[0.2723684210526316, 0.2723684210526316, 0.2723684210526316]",8.691318327974276,8.691318327974276,0.27903118113392805
merged_f4_t40_aggregation,merged,40,4,1,TVA,196,1572,0.04113029827315542,9,"[8.0, 8.0, 8.0]","[1.0, 1.0, 1.0]","[0.28888888888888886, 0.2893175074183976, 0.2893175074183976]",8.020408163265307,8.020408163265307,0.2996365681059436
merged_f4_t40_aggregation,merged,40,4,2,TVA,78,510,0.08491508491508491,9,"[5.25, 8.0, 8.0]","[1.0, 1.0, 7.0]","[0.3031496062992126, 0.30677290836653387, 0.36364995349249235]",6.538461538461538,6.538461538461538,0.3074165591164276
merged_f4_t40_aggregation,merged,40,4,3,TVA,26,84,0.12923076923076923,12,"[1.0, 1.0, 8.0]","[1.0, 1.0, 8.0]","[0.18962962962962962, 0.23684210526315788, 0.375]",3.230769230769231,3.230769230769231,0.26201934667535665
merged_f4_t50_aggregation,merged,50,4,0,MULTI,24,4800,8.695652173913043,9,"[0.75, 29.5, 74.0]","[30.0, 42.0, 528.0]","[0.03260869565217391, 0.6134423897581792, 0.7666666666666667]",200.0,200.0,0.49151239340026537
merged_f4_t50_aggregation,merged,50,4,1,MULTI,24,1400,2.536231884057971,9,"[0.75, 25.5, 43.0]","[13.0, 22.0, 140.0]","[0.03260869565217391, 0.6134423897581792, 0.7666666666666667]",58.333333333333336,58.333333333333336,0.49151239340026537
merged_f4_t50_aggregation,merged,50,4,2,MULTI,24,456,0.8260869565217391,9,"[0.75, 17.5, 33.0]","[7.0, 16.0, 34.0]","[0.03260869565217391, 0.5526315789473684, 0.7666666666666667]",19.0,19.0,0.46419692003216034
merged_f4_t50_aggregation,merged,50,4,3,MULTI,18,76,0.24836601307189543,11,"[1.0, 2.0, 8.0]","[1.0, 2.0, 8.0]","[0.2801120448179272, 0.3095975232198142, 0.43315508021390375]",4.222222222222222,4.222222222222222,0.33881437333449715
merged_f4_t50_aggregation,merged,50,4,0,NETSPA,622,1242,0.003215434083601286,9,"[1.0, 1.0, 1.0]","[1.0, 1.0, 1.0]","[0.33805117038649973, 0.33805117038649973, 0.33805117038649973]",1.9967845659163987,1.9967845659163987,0.33228993484055735
merged_f4_t50_aggregation,merged,50,4,1,NETSPA,197,392,0.01015228426395939,9,"[1.0, 1.0, 1.0]","[1.0, 1.0, 1.0]","[0.3487544483985765, 0.3487544483985765, 0.3487544483985765]",1.9898477157360406,1.9898477157360406,0.32959258436159083
merged_f4_t50_aggregation,merged,50,4,2,NETSPA,79,156,0.02531645569620253,9,"[1.0, 1.0, 1.0]","[1.0, 1.0, 1.0]","[0.2910488283697423, 0.375, 0.375]",1.9746835443037976,1.9746835443037976,0.32287215509435757
merged_f4_t50_aggregation,merged,50,4,3,NETSPA,27,44,0.06267806267806268,3,"[1.0, 1.0, 1.0]","[1.0, 1.0, 2.0]","[0.24299065420560748, 0.3023255813953488, 0.41935483870967744]",1.6296296296296295,1.6296296296296295,0.3126039217563747
merged_f4_t50_aggregation,merged,50,4,0,TVA,621,5397,0.014017453638772012,9,"[8.0, 8.0, 8.0]","[1.0, 1.0, 1.0]","[0.2721685689201054, 0.2721685689201054, 0.2721685689201054]",8.690821256038648,8.690821256038648,0.27888857393727523
merged_f4_t50_aggregation,merged,50,4,1,TVA,196,1572,0.04113029827315542,9,"[8.0, 8.0, 8.0]","[1.0, 1.0, 1.0]","[0.28888888888888886, 0.2893175074183976, 0.2893175074183976]",8.020408163265307,8.020408163265307,0.2996365681059436
merged_f4_t50_aggregation,merged,50,4,2,TVA,78,510,0.08491508491508491,9,"[5.25, 8.0, 8.0]","[1.0, 1.0, 7.0]","[0.3031496062992126, 0.30677290836653387, 0.36364995349249235]",6.538461538461538,6.538461538461538,0.3074165591164276
merged_f4_t50_aggregation,merged,50,4,3,TVA,26,84,0.12923076923076923,12,"[1.0, 1.0, 8.0]","[1.0, 1.0, 8.0]","[0.18962962962962962, 0.23684210526315788, 0.375]",3.230769230769231,3.230769230769231,0.26201934667535665
merged_f4_t60_aggregation,merged,60,4,0,MULTI,24,4784,8.666666666666666,9,"[0.75, 25.5, 74.0]","[30.0, 42.0, 526.0]","[0.03260869565217391, 0.6134423897581792, 0.7666666666666667]",199.33333333333334,199.33333333333334,0.49151239340026537
merged_f4_t60_aggregation,merged,60,4,1,MULTI,24,1392,2.5217391304347827,9,"[0.75, 25.5, 43.0]","[13.0, 22.0, 139.0]","[0.03260869565217391, 0.6134423897581792, 0.7666666666666667]",58.0,58.0,0.49151239340026537
merged_f4_t60_aggregation,merged,60,4,2,MULTI,24,448,0.8115942028985508,9,"[0.75, 17.0, 33.0]","[7.0, 16.0, 33.0]","[0.03260869565217391, 0.5526315789473684, 0.7666666666666667]",18.666666666666668,18.666666666666668,0.46419692003216034
merged_f4_t60_aggregation,merged,60,4,3,MULTI,18,76,0.24836601307189543,11,"[1.0, 2.0, 8.0]","[1.0, 2.0, 8.0]","[0.2801120448179272, 0.3095975232198142, 0.43315508021390375]",4.222222222222222,4.222222222222222,0.33881437333449715
merged_f4_t60_aggregation,merged,60,4,0,NETSPA,620,1238,0.0032258064516129032,9,"[1.0, 1.0, 1.0]","[1.0, 1.0, 1.0]","[0.3380666302566903, 0.3380666302566903, 0.3380666302566903]",1.9967741935483871,1.9967741935483871,0.3322871305982377
merged_f4_t60_aggregation,merged,60,4,1,NETSPA,196,390,0.01020408163265306,9,"[1.0, 1.0, 1.0]","[1.0, 1.0, 1.0]","[0.3488372093023256, 0.3488372093023256, 0.3488372093023256]",1.989795918367347,1.989795918367347,0.3295719303569166
merged_f4_t60_aggregation,merged,60,4,2,NETSPA,78,154,0.02564102564102564,9,"[1.0, 1.0, 1.0]","[1.0, 1.0, 1.0]","[0.2911184446516967, 0.375609756097561, 0.375609756097561]",1.9743589743589745,1.9743589743589745,0.32269882539596945
merged_f4_t60_aggregation,merged,60,4,3,NETSPA,27,44,0.06267806267806268,3,"[1.0, 1.0, 1.0]","[1.0, 1.0, 2.0]","[0.24299065420560748, 0.3023255813953488, 0.41935483870967744]",1.6296296296296295,1.6296296296296295,0.3126039217563747
merged_f4_t60_aggregation,merged,60,4,0,TVA,619,5379,0.014061201123013943,9,"[8.0, 8.0, 8.0]","[1.0, 1.0, 1.0]","[0.2717678100263852, 0.2717678100263852, 0.2717678100263852]",8.689822294022617,8.689822294022617,0.2786032381362302
merged_f4_t60_aggregation,merged,60,4,1,TVA,195,1563,0.041316415543219666,9,"[8.0, 8.0, 8.0]","[1.0, 1.0, 1.0]","[0.28826151560178304, 0.28869047619047616, 0.28869047619047616]",8.015384615384615,8.015384615384615,0.29936800019188964
merged_f4_t60_aggregation,merged,60,4,2,TVA,77,501,0.08561175666438825,9,"[5.0, 8.0, 8.0]","[1.0, 1.0, 7.0]","[0.30158730158730157, 0.30522088353413657, 0.36538461538461536]",6.5064935064935066,6.5064935064935066,0.3073105387019097
merged_f4_t60_aggregation,merged,60,4,3,TVA,26,84,0.12923076923076923,12,"[1.0, 1.0, 8.0]","[1.0, 1.0, 8.0]","[0.18962962962962962, 0.23684210526315788, 0.375]",3.230769230769231,3.230769230769231,0.26201934667535665
merged_f4_t70_aggregation,merged,70,4,0,MULTI,24,4784,8.666666666666666,9,"[0.75, 25.5, 74.0]","[30.0, 42.0, 526.0]","[0.03260869565217391, 0.6134423897581792, 0.7666666666666667]",199.33333333333334,199.33333333333334,0.49151239340026537
merged_f4_t70_aggregation,merged,70,4,1,MULTI,24,1392,2.5217391304347827,9,"[0.75, 25.5, 43.0]","[13.0, 22.0, 139.0]","[0.03260869565217391, 0.6134423897581792, 0.7666666666666667]",58.0,58.0,0.49151239340026537
merged_f4_t70_aggregation,merged,70,4,2,MULTI,24,448,0.8115942028985508,9,"[0.75, 17.0, 33.0]","[7.0, 16.0, 33.0]","[0.03260869565217391, 0.5526315789473684, 0.7666666666666667]",18.666666666666668,18.666666666666668,0.46419692003216034
merged_f4_t70_aggregation,merged,70,4,3,MULTI,18,76,0.24836601307189543,11,"[1.0, 2.0, 8.0]","[1.0, 2.0, 8.0]","[0.2801120448179272, 0.3095975232198142, 0.43315508021390375]",4.222222222222222,4.222222222222222,0.33881437333449715
merged_f4_t70_aggregation,merged,70,4,0,NETSPA,620,1238,0.0032258064516129032,9,"[1.0, 1.0, 1.0]","[1.0, 1.0, 1.0]","[0.3380666302566903, 0.3380666302566903, 0.3380666302566903]",1.9967741935483871,1.9967741935483871,0.3322871305982377
merged_f4_t70_aggregation,merged,70,4,1,NETSPA,196,390,0.01020408163265306,9,"[1.0, 1.0, 1.0]","[1.0, 1.0, 1.0]","[0.3488372093023256, 0.3488372093023256, 0.3488372093023256]",1.989795918367347,1.989795918367347,0.3295719303569166
merged_f4_t70_aggregation,merged,70,4,2,NETSPA,78,154,0.02564102564102564,9,"[1.0, 1.0, 1.0]","[1.0, 1.0, 1.0]","[0.2911184446516967, 0.375609756097561, 0.375609756097561]",1.9743589743589745,1.9743589743589745,0.32269882539596945
merged_f4_t70_aggregation,merged,70,4,3,NETSPA,27,44,0.06267806267806268,3,"[1.0, 1.0, 1.0]","[1.0, 1.0, 2.0]","[0.24299065420560748, 0.3023255813953488, 0.41935483870967744]",1.6296296296296295,1.6296296296296295,0.3126039217563747
merged_f4_t70_aggregation,merged,70,4,0,TVA,619,5379,0.014061201123013943,9,"[8.0, 8.0, 8.0]","[1.0, 1.0, 1.0]","[0.2717678100263852, 0.2717678100263852, 0.2717678100263852]",8.689822294022617,8.689822294022617,0.2786032381362302
merged_f4_t70_aggregation,merged,70,4,1,TVA,195,1563,0.041316415543219666,9,"[8.0, 8.0, 8.0]","[1.0, 1.0, 1.0]","[0.28826151560178304, 0.28869047619047616, 0.28869047619047616]",8.015384615384615,8.015384615384615,0.29936800019188964
merged_f4_t70_aggregation,merged,70,4,2,TVA,77,501,0.08561175666438825,9,"[5.0, 8.0, 8.0]","[1.0, 1.0, 7.0]","[0.30158730158730157, 0.30522088353413657, 0.36538461538461536]",6.5064935064935066,6.5064935064935066,0.3073105387019097
merged_f4_t70_aggregation,merged,70,4,3,TVA,26,84,0.12923076923076923,12,"[1.0, 1.0, 8.0]","[1.0, 1.0, 8.0]","[0.18962962962962962, 0.23684210526315788, 0.375]",3.230769230769231,3.230769230769231,0.26201934667535665
merged_f4_t73_aggregation,merged,73,4,0,MULTI,24,4784,8.666666666666666,9,"[0.75, 25.5, 74.0]","[30.0, 42.0, 526.0]","[0.03260869565217391, 0.6134423897581792, 0.7666666666666667]",199.33333333333334,199.33333333333334,0.49151239340026537
merged_f4_t73_aggregation,merged,73,4,1,MULTI,24,1392,2.5217391304347827,9,"[0.75, 25.5, 43.0]","[13.0, 22.0, 139.0]","[0.03260869565217391, 0.6134423897581792, 0.7666666666666667]",58.0,58.0,0.49151239340026537
merged_f4_t73_aggregation,merged,73,4,2,MULTI,24,448,0.8115942028985508,9,"[0.75, 17.0, 33.0]","[7.0, 16.0, 33.0]","[0.03260869565217391, 0.5526315789473684, 0.7666666666666667]",18.666666666666668,18.666666666666668,0.46419692003216034
merged_f4_t73_aggregation,merged,73,4,3,MULTI,18,76,0.24836601307189543,11,"[1.0, 2.0, 8.0]","[1.0, 2.0, 8.0]","[0.2801120448179272, 0.3095975232198142, 0.43315508021390375]",4.222222222222222,4.222222222222222,0.33881437333449715
merged_f4_t73_aggregation,merged,73,4,0,NETSPA,620,1238,0.0032258064516129032,9,"[1.0, 1.0, 1.0]","[1.0, 1.0, 1.0]","[0.3380666302566903, 0.3380666302566903, 0.3380666302566903]",1.9967741935483871,1.9967741935483871,0.3322871305982377
merged_f4_t73_aggregation,merged,73,4,1,NETSPA,196,390,0.01020408163265306,9,"[1.0, 1.0, 1.0]","[1.0, 1.0, 1.0]","[0.3488372093023256, 0.3488372093023256, 0.3488372093023256]",1.989795918367347,1.989795918367347,0.3295719303569166
merged_f4_t73_aggregation,merged,73,4,2,NETSPA,78,154,0.02564102564102564,9,"[1.0, 1.0, 1.0]","[1.0, 1.0, 1.0]","[0.2911184446516967, 0.375609756097561, 0.375609756097561]",1.9743589743589745,1.9743589743589745,0.32269882539596945
merged_f4_t73_aggregation,merged,73,4,3,NETSPA,27,44,0.06267806267806268,3,"[1.0, 1.0, 1.0]","[1.0, 1.0, 2.0]","[0.24299065420560748, 0.3023255813953488, 0.41935483870967744]",1.6296296296296295,1.6296296296296295,0.3126039217563747
merged_f4_t73_aggregation,merged,73,4,0,TVA,619,5379,0.014061201123013943,9,"[8.0, 8.0, 8.0]","[1.0, 1.0, 1.0]","[0.2717678100263852, 0.2717678100263852, 0.2717678100263852]",8.689822294022617,8.689822294022617,0.2786032381362302
merged_f4_t73_aggregation,merged,73,4,1,TVA,195,1563,0.041316415543219666,9,"[8.0, 8.0, 8.0]","[1.0, 1.0, 1.0]","[0.28826151560178304, 0.28869047619047616, 0.28869047619047616]",8.015384615384615,8.015384615384615,0.29936800019188964
merged_f4_t73_aggregation,merged,73,4,2,TVA,77,501,0.08561175666438825,9,"[5.0, 8.0, 8.0]","[1.0, 1.0, 7.0]","[0.30158730158730157, 0.30522088353413657, 0.36538461538461536]",6.5064935064935066,6.5064935064935066,0.3073105387019097
merged_f4_t73_aggregation,merged,73,4,3,TVA,26,84,0.12923076923076923,12,"[1.0, 1.0, 8.0]","[1.0, 1.0, 8.0]","[0.18962962962962962, 0.23684210526315788, 0.375]",3.230769230769231,3.230769230769231,0.26201934667535665
