network,seed,hosts,vulns,model,filter,aggregation,num_nodes,num_edges,density,num_strong_components,indegree,outdegree,close_centrality,avg_indegree,avg_outdegree,avg_close_centrality
s1_h100_v10_filter_aggregation,1,100,10,MULTI,0,0,300,156400,1.7435897435897436,94,"[0.0, 300.0, 800.0]","[74.0, 179.0, 1311.0]","[0.0, 0.5991983967935872, 0.7493734335839599]",521.3333333333334,521.3333333333334,0.46467699160159737
s1_h100_v10_filter_aggregation,1,100,10,MULTI,0,1,300,83700,0.9331103678929766,99,"[0.0, 200.0, 400.0]","[53.0, 103.0, 681.0]","[0.0, 0.5991983967935872, 0.7493734335839599]",279.0,279.0,0.45734683977048474
s1_h100_v10_filter_aggregation,1,100,10,MULTI,0,2,200,59000,1.4824120603015076,200,"[0.0, 50.0, 500.0]","[0.0, 295.0, 590.0]","[0.0, 0.25125628140703515, 0.5025125628140703]",295.0,295.0,0.25125628140703454
s1_h100_v10_filter_aggregation,1,100,10,MULTI,0,3,235,16800,0.3055100927441353,127,"[0.0, 100.0, 100.0]","[6.0, 6.0, 162.0]","[0.0, 0.5660034874081696, 0.5679028279699421]",71.48936170212765,71.48936170212765,0.3501856062229374
s1_h100_v10_filter_aggregation,1,100,10,NETSPA,0,0,1866,3728,0.0010712366634196243,94,"[1.0, 1.0, 1.0]","[1.0, 1.0, 1.0]","[0.3522856063468077, 0.3522856063468077, 0.3522856063468077]",1.9978563772775992,1.9978563772775992,0.3248456258670195
s1_h100_v10_filter_aggregation,1,100,10,NETSPA,0,1,1139,2274,0.0017543832579066828,99,"[1.0, 1.0, 1.0]","[1.0, 1.0, 2.0]","[0.2693491124260355, 0.36556376485705105, 0.36556376485705105]",1.9964881474978051,1.9964881474978051,0.31726632124330245
s1_h100_v10_filter_aggregation,1,100,10,NETSPA,0,2,792,1380,0.0022028119373252116,792,"[1.0, 1.0, 1.0]","[1.0, 1.0, 1.0]","[0.05429666335560773, 0.06416086445144695, 0.06416086445144695]",1.7424242424242424,1.7424242424242424,0.05409093368660097
s1_h100_v10_filter_aggregation,1,100,10,NETSPA,0,3,405,736,0.004498227600537832,162,"[1.0, 1.0, 1.0]","[1.0, 1.0, 2.0]","[0.24371466272840875, 0.245127670661803, 0.3447299786158391]",1.817283950617284,1.817283950617284,0.23282649545251768
s1_h100_v10_filter_aggregation,1,100,10,TVA,0,0,1864,157964,0.04548826365707625,94,"[100.0, 100.0, 100.0]","[1.0, 1.0, 1.0]","[0.3117469879518072, 0.3118513558754603, 0.3118513558754603]",84.74463519313305,84.74463519313305,0.29701768880583396
s1_h100_v10_filter_aggregation,1,100,10,TVA,0,1,1137,84537,0.0654497565870155,99,"[8.0, 100.0, 100.0]","[1.0, 1.0, 53.0]","[0.31503050471436495, 0.31520532741398444, 0.31520532741398444]",74.35092348284961,74.35092348284961,0.2875511801916919
s1_h100_v10_filter_aggregation,1,100,10,TVA,0,2,790,59590,0.0956025091848358,790,"[13.75, 100.0, 100.0]","[1.0, 1.0, 1.0]","[0.07672413394132811, 0.1267427122940431, 0.1267427122940431]",75.43037974683544,75.43037974683544,0.10339552807018292
s1_h100_v10_filter_aggregation,1,100,10,TVA,0,3,403,16968,0.1047368615977186,162,"[1.0, 1.0, 100.0]","[1.0, 1.0, 6.0]","[0.25085915345504867, 0.2527345059764928, 0.3598281558088821]",42.10421836228288,42.10421836228288,0.24003418432652776
s1_h10_v10_filter_aggregation,1,10,10,MULTI,0,0,30,1000,1.1494252873563218,11,"[0.0, 25.0, 60.0]","[1.0, 16.0, 83.0]","[0.0, 0.5918367346938775, 0.7087339743589743]",33.333333333333336,33.333333333333336,0.4429770626199198
s1_h10_v10_filter_aggregation,1,10,10,MULTI,0,1,30,630,0.7241379310344828,11,"[0.0, 20.0, 40.0]","[1.0, 12.0, 50.0]","[0.0, 0.5918367346938775, 0.7087339743589743]",21.0,21.0,0.4429770626199198
s1_h10_v10_filter_aggregation,1,10,10,MULTI,0,2,20,540,1.4210526315789473,20,"[0.0, 15.0, 50.0]","[0.0, 27.0, 54.0]","[0.0, 0.2631578947368421, 0.5263157894736842]",27.0,27.0,0.2631578947368421
s1_h10_v10_filter_aggregation,1,10,10,MULTI,0,3,21,200,0.47619047619047616,12,"[10.0, 10.0, 10.0]","[1.0, 1.0, 19.0]","[0.45, 0.45, 0.5]",9.523809523809524,9.523809523809524,0.38678160919540233
s1_h10_v10_filter_aggregation,1,10,10,NETSPA,0,0,132,250,0.014457552625491556,11,"[1.0, 1.0, 1.0]","[1.0, 1.0, 1.0]","[0.33418367346938777, 0.33418367346938777, 0.36187845303867405]",1.893939393939394,1.893939393939394,0.3150505384132153
s1_h10_v10_filter_aggregation,1,10,10,NETSPA,0,1,95,176,0.019708846584546472,11,"[1.0, 1.0, 1.0]","[1.0, 1.0, 1.0]","[0.283987915407855, 0.33451957295373663, 0.3745019920318725]",1.8526315789473684,1.8526315789473684,0.3073063948956568
s1_h10_v10_filter_aggregation,1,10,10,NETSPA,0,2,76,128,0.02245614035087719,76,"[1.0, 1.0, 1.0]","[1.0, 1.0, 1.0]","[0.07682539682539682, 0.07682539682539682, 0.07682539682539682]",1.6842105263157894,1.6842105263157894,0.07160184097242407
s1_h10_v10_filter_aggregation,1,10,10,NETSPA,0,3,43,70,0.03875968992248062,7,"[1.0, 1.0, 1.0]","[1.0, 1.0, 2.0]","[0.23598691937535854, 0.2780674313521028, 0.367148991002202]",1.627906976744186,1.627906976744186,0.2725498058333219
s1_h10_v10_filter_aggregation,1,10,10,TVA,0,0,130,1100,0.06559332140727489,12,"[10.0, 10.0, 10.0]","[1.0, 1.0, 1.0]","[0.3208955223880597, 0.3225, 0.3225]",8.461538461538462,8.461538461538462,0.2962454622100535
s1_h10_v10_filter_aggregation,1,10,10,TVA,0,1,93,693,0.08099579242636747,12,"[4.0, 10.0, 10.0]","[1.0, 1.0, 1.0]","[0.3333333333333333, 0.3357664233576642, 0.3357664233576642]",7.451612903225806,7.451612903225806,0.2915691652534626
s1_h10_v10_filter_aggregation,1,10,10,TVA,0,2,74,594,0.10995927434283599,74,"[7.25, 10.0, 10.0]","[1.0, 1.0, 1.0]","[0.136986301369863, 0.136986301369863, 0.136986301369863]",8.027027027027026,8.027027027027026,0.11726803641633887
s1_h10_v10_filter_aggregation,1,10,10,TVA,0,3,41,220,0.13414634146341464,18,"[1.0, 2.0, 10.0]","[1.0, 1.0, 1.0]","[0.22000000000000003, 0.25971223021582734, 0.35588235294117654]",5.365853658536586,5.365853658536586,0.2709555296127462
s1_h20_v10_filter_aggregation,1,20,10,MULTI,0,0,60,4880,1.3785310734463276,24,"[0.0, 40.0, 160.0]","[5.0, 41.0, 198.0]","[0.0, 0.5959595959595959, 0.7468354430379747]",81.33333333333333,81.33333333333333,0.424131046102113
s1_h20_v10_filter_aggregation,1,20,10,MULTI,0,1,60,2780,0.7853107344632768,24,"[0.0, 20.0, 80.0]","[4.0, 28.0, 107.0]","[0.0, 0.5959595959595959, 0.7468354430379747]",46.333333333333336,46.333333333333336,0.424131046102113
s1_h20_v10_filter_aggregation,1,20,10,MULTI,0,2,40,2280,1.4615384615384615,40,"[0.0, 30.0, 100.0]","[0.0, 57.0, 114.0]","[0.0, 0.2564102564102564, 0.5128205128205128]",57.0,57.0,0.2564102564102564
s1_h20_v10_filter_aggregation,1,20,10,MULTI,0,3,43,680,0.37652270210409744,29,"[0.0, 20.0, 20.0]","[2.0, 2.0, 32.0]","[0.0, 0.4523809523809524, 0.47619047619047616]",15.813953488372093,15.813953488372093,0.3086635258491782
s1_h20_v10_filter_aggregation,1,20,10,NETSPA,0,0,306,588,0.006300225008036001,24,"[1.0, 1.0, 1.0]","[1.0, 1.0, 1.0]","[0.3326063249727372, 0.35714285714285715, 0.35714285714285715]",1.9215686274509804,1.9215686274509804,0.3160951273543662
s1_h20_v10_filter_aggregation,1,20,10,NETSPA,0,1,201,378,0.009402985074626866,24,"[1.0, 1.0, 1.0]","[1.0, 1.0, 1.0]","[0.2770083102493075, 0.37105751391465674, 0.37105751391465674]",1.8805970149253732,1.8805970149253732,0.3046496060447464
s1_h20_v10_filter_aggregation,1,20,10,NETSPA,0,2,156,268,0.011083540115798181,156,"[1.0, 1.0, 1.0]","[1.0, 1.0, 1.0]","[0.06939417781274587, 0.06939417781274587, 0.06939417781274587]",1.7179487179487178,1.7179487179487178,0.06136597612791528
s1_h20_v10_filter_aggregation,1,20,10,NETSPA,0,3,79,148,0.024018175916910096,22,"[1.0, 1.0, 1.0]","[1.0, 2.0, 2.0]","[0.2712715855572999, 0.2780817508850982, 0.3797802197802198]",1.8734177215189873,1.8734177215189873,0.2765698248480398
s1_h20_v10_filter_aggregation,1,20,10,TVA,0,0,304,5124,0.05562793121417405,24,"[20.0, 20.0, 20.0]","[1.0, 1.0, 1.0]","[0.3066801619433198, 0.30730223123732253, 0.30730223123732253]",16.855263157894736,16.855263157894736,0.29311305599872645
s1_h20_v10_filter_aggregation,1,20,10,TVA,0,1,199,2919,0.07408253388152886,24,"[5.0, 20.0, 20.0]","[1.0, 1.0, 4.0]","[0.3183279742765273, 0.3193548387096774, 0.3193548387096774]",14.668341708542714,14.668341708542714,0.288063615076052
s1_h20_v10_filter_aggregation,1,20,10,TVA,0,2,154,2394,0.10160427807486631,154,"[8.25, 20.0, 20.0]","[1.0, 1.0, 1.0]","[0.10810991063091904, 0.13071895424836602, 0.13071895424836602]",15.545454545454545,15.545454545454545,0.10904443193395792
s1_h20_v10_filter_aggregation,1,20,10,TVA,0,3,77,714,0.12200956937799043,42,"[1.0, 2.0, 20.0]","[1.0, 2.0, 32.0]","[0.20847039473684212, 0.21899426784783743, 0.34505444646098005]",9.272727272727273,9.272727272727273,0.23283705797156753
s1_h30_v10_filter_aggregation,1,30,10,MULTI,0,0,90,11370,1.4194756554307115,36,"[0.0, 60.0, 240.0]","[8.0, 69.0, 302.0]","[0.0, 0.5973154362416108, 0.7478991596638656]",126.33333333333333,126.33333333333333,0.4194373414670579
s1_h30_v10_filter_aggregation,1,30,10,MULTI,0,1,90,6360,0.7940074906367042,36,"[0.0, 45.0, 120.0]","[7.0, 37.0, 168.0]","[0.0, 0.5973154362416108, 0.7478991596638656]",70.66666666666667,70.66666666666667,0.4194373414670579
s1_h30_v10_filter_aggregation,1,30,10,MULTI,0,2,60,4980,1.4067796610169492,60,"[0.0, 45.0, 150.0]","[0.0, 83.0, 166.0]","[0.0, 0.2542372881355932, 0.5084745762711864]",83.0,83.0,0.2542372881355934
s1_h30_v10_filter_aggregation,1,30,10,MULTI,0,3,66,1500,0.34965034965034963,32,"[0.0, 30.0, 30.0]","[3.0, 3.0, 47.0]","[0.0, 0.6017286084701815, 0.6085664335664335]",22.727272727272727,22.727272727272727,0.37659661159405816
s1_h30_v10_filter_aggregation,1,30,10,NETSPA,0,0,471,938,0.004237249853186972,36,"[1.0, 1.0, 1.0]","[1.0, 1.0, 1.0]","[0.35633055344958303, 0.35633055344958303, 0.35633055344958303]",1.9915074309978769,1.9915074309978769,0.3201201942622533
s1_h30_v10_filter_aggregation,1,30,10,NETSPA,0,1,304,604,0.006557234670835505,36,"[1.0, 1.0, 1.0]","[1.0, 1.0, 2.0]","[0.27445652173913043, 0.3704156479217604, 0.3704156479217604]",1.986842105263158,1.986842105263158,0.3116042445737852
s1_h30_v10_filter_aggregation,1,30,10,NETSPA,0,2,228,392,0.007574001082000154,228,"[1.0, 1.0, 1.0]","[1.0, 1.0, 1.0]","[0.06910253088019348, 0.0694013143641222, 0.0694013143641222]",1.719298245614035,1.719298245614035,0.059808846631665066
s1_h30_v10_filter_aggregation,1,30,10,NETSPA,0,3,118,220,0.015935100680863394,38,"[1.0, 1.0, 1.0]","[1.0, 2.0, 2.0]","[0.26395173453996984, 0.26846373000219154, 0.37098728043609935]",1.8644067796610169,1.8644067796610169,0.260215945261611
s1_h30_v10_filter_aggregation,1,30,10,TVA,0,0,469,11749,0.0535281468117289,36,"[30.0, 30.0, 30.0]","[1.0, 1.0, 1.0]","[0.306282722513089, 0.30668414154652685, 0.30668414154652685]",25.051172707889126,25.051172707889126,0.29386123640471057
s1_h30_v10_filter_aggregation,1,30,10,TVA,0,1,302,6572,0.07229763921585884,36,"[5.0, 30.0, 30.0]","[1.0, 1.0, 7.0]","[0.3202127659574468, 0.3208955223880597, 0.3208955223880597]",21.76158940397351,21.76158940397351,0.2862713324997474
s1_h30_v10_filter_aggregation,1,30,10,TVA,0,2,226,5146,0.10119960668633235,226,"[8.0, 30.0, 30.0]","[1.0, 1.0, 1.0]","[0.09437908496732027, 0.13333333333333333, 0.13333333333333333]",22.76991150442478,22.76991150442478,0.10930728968399102
s1_h30_v10_filter_aggregation,1,30,10,TVA,0,3,116,1550,0.11619190404797601,38,"[1.0, 2.0, 30.0]","[1.0, 3.0, 47.0]","[0.26974319857615053, 0.27293542577823515, 0.3843840579710145]",13.362068965517242,13.362068965517242,0.26146051147607435
s1_h50_v10_filter_aggregation,1,50,10,MULTI,0,0,150,36400,1.628635346756152,52,"[0.0, 150.0, 350.0]","[25.0, 84.0, 619.0]","[0.0, 0.5983935742971888, 0.7487437185929648]",242.66666666666666,242.66666666666666,0.4450010523632228
s1_h50_v10_filter_aggregation,1,50,10,MULTI,0,1,150,18700,0.8366890380313199,53,"[0.0, 100.0, 200.0]","[16.0, 51.0, 307.0]","[0.0, 0.5983935742971888, 0.7487437185929648]",124.66666666666667,124.66666666666667,0.44267071789518364
s1_h50_v10_filter_aggregation,1,50,10,MULTI,0,2,100,13650,1.378787878787879,100,"[0.0, 25.0, 250.0]","[0.0, 136.5, 273.0]","[0.0, 0.25252525252525254, 0.5050505050505051]",136.5,136.5,0.25252525252525254
s1_h50_v10_filter_aggregation,1,50,10,MULTI,0,3,112,4200,0.33783783783783783,56,"[0.0, 50.0, 50.0]","[4.0, 4.0, 80.0]","[0.0, 0.5925993107201161, 0.5966033601168736]",37.5,37.5,0.36943530031741983
s1_h50_v10_filter_aggregation,1,50,10,NETSPA,0,0,880,1756,0.0022701416899369117,52,"[1.0, 1.0, 1.0]","[1.0, 1.0, 1.0]","[0.35358004827031375, 0.35358004827031375, 0.35358004827031375]",1.9954545454545454,1.9954545454545454,0.32333483870532204
s1_h50_v10_filter_aggregation,1,50,10,NETSPA,0,1,526,1048,0.003795038928118776,53,"[1.0, 1.0, 1.0]","[1.0, 1.0, 2.0]","[0.27216174183514774, 0.3686797752808989, 0.3686797752808989]",1.9923954372623573,1.9923954372623573,0.3148511929908728
s1_h50_v10_filter_aggregation,1,50,10,NETSPA,0,2,375,646,0.004606060606060606,375,"[1.0, 1.0, 1.0]","[1.0, 1.0, 1.0]","[0.059417706476530004, 0.06885688568856885, 0.06885688568856885]",1.7226666666666666,1.7226666666666666,0.05817421417183214
s1_h50_v10_filter_aggregation,1,50,10,NETSPA,0,3,198,368,0.009434445982669333,68,"[1.0, 1.0, 1.0]","[1.0, 2.0, 2.0]","[0.2579352425603061, 0.2605898076638427, 0.36345420542588586]",1.8585858585858586,1.8585858585858586,0.2507654776011913
s1_h50_v10_filter_aggregation,1,50,10,TVA,0,0,878,37128,0.04821780609501744,52,"[50.0, 50.0, 50.0]","[1.0, 1.0, 1.0]","[0.32578008915304607, 0.32602230483271377, 0.32602230483271377]",42.287015945330296,42.287015945330296,0.30445090609136805
s1_h50_v10_filter_aggregation,1,50,10,TVA,0,1,524,19074,0.0695999299403033,53,"[6.0, 50.0, 50.0]","[1.0, 1.0, 16.0]","[0.32125307125307123, 0.3216482164821648, 0.3216482164821648]",36.400763358778626,36.400763358778626,0.2888088164263145
s1_h50_v10_filter_aggregation,1,50,10,TVA,0,2,373,13923,0.10034160684943354,373,"[8.0, 50.0, 50.0]","[1.0, 1.0, 1.0]","[0.08373158104340901, 0.13440860215053763, 0.13440860215053763]",37.32707774798928,37.32707774798928,0.10888730095484134
s1_h50_v10_filter_aggregation,1,50,10,TVA,0,3,196,4284,0.11208791208791209,68,"[1.0, 2.0, 50.0]","[1.0, 4.0, 80.0]","[0.2668217903093348, 0.2697046519336027, 0.3825353218210361]",21.857142857142858,21.857142857142858,0.25824414667992407
s2_h100_v10_filter_aggregation,2,100,10,MULTI,0,0,300,136400,1.520624303232999,104,"[0.0, 250.0, 700.0]","[55.0, 171.0, 1138.0]","[0.0, 0.5991983967935872, 0.7493734335839599]",454.6666666666667,454.6666666666667,0.4466716520028376
s2_h100_v10_filter_aggregation,2,100,10,MULTI,0,1,300,77000,0.8584169453734671,108,"[0.0, 200.0, 400.0]","[47.0, 109.0, 614.0]","[0.0, 0.5991983967935872, 0.7493734335839599]",256.6666666666667,256.6666666666667,0.44167541183125975
s2_h100_v10_filter_aggregation,2,100,10,MULTI,0,2,200,57100,1.434673366834171,200,"[0.0, 100.0, 600.0]","[0.0, 285.5, 571.0]","[0.0, 0.25125628140703515, 0.5025125628140703]",285.5,285.5,0.25125628140703454
s2_h100_v10_filter_aggregation,2,100,10,MULTI,0,3,300,17000,0.189520624303233,185,"[0.0, 0.0, 100.0]","[1.0, 5.0, 164.0]","[0.0, 0.0, 0.4444456914547373]",56.666666666666664,56.666666666666664,0.2147871120319905
s2_h100_v10_filter_aggregation,2,100,10,NETSPA,0,0,1666,3328,0.0011997591829524604,104,"[1.0, 1.0, 1.0]","[1.0, 1.0, 1.0]","[0.35470813804857265, 0.35470813804857265, 0.35470813804857265]",1.9975990396158463,1.9975990396158463,0.3221338622910302
s2_h100_v10_filter_aggregation,2,100,10,NETSPA,0,1,1072,2140,0.0018639296514625751,108,"[1.0, 1.0, 1.0]","[1.0, 1.0, 2.0]","[0.2702498107494323, 0.36778846153846156, 0.36778846153846156]",1.9962686567164178,1.9962686567164178,0.3138234584943283
s2_h100_v10_filter_aggregation,2,100,10,NETSPA,0,2,773,1342,0.0022488253155393493,773,"[1.0, 1.0, 1.0]","[1.0, 1.0, 1.0]","[0.05023581772286436, 0.06573995308431933, 0.06573995308431933]",1.7360931435963778,1.7360931435963778,0.05515110914374498
s2_h100_v10_filter_aggregation,2,100,10,NETSPA,0,3,472,740,0.003328655223289791,157,"[0.0, 1.0, 1.0]","[1.0, 1.0, 1.0]","[0.0, 0.23969465648854962, 0.30153649167733676]",1.5677966101694916,1.5677966101694916,0.18769398147201366
s2_h100_v10_filter_aggregation,2,100,10,TVA,0,0,1664,137764,0.0497840441278505,104,"[100.0, 100.0, 100.0]","[1.0, 1.0, 1.0]","[0.31306475903614456, 0.31318267419962337, 0.31318267419962337]",82.79086538461539,82.79086538461539,0.29548755976794316
s2_h100_v10_filter_aggregation,2,100,10,TVA,0,1,1070,77770,0.06799087276955491,108,"[6.0, 100.0, 100.0]","[1.0, 1.0, 47.0]","[0.2850666666666667, 0.3175876411170529, 0.3175876411170529]",72.6822429906542,72.6822429906542,0.2862089586985548
s2_h100_v10_filter_aggregation,2,100,10,TVA,0,2,771,57671,0.09714319403035357,771,"[8.0, 100.0, 100.0]","[1.0, 1.0, 1.0]","[0.07282717282717283, 0.12987012987012986, 0.12987012987012986]",74.80025940337224,74.80025940337224,0.10533226967329559
s2_h100_v10_filter_aggregation,2,100,10,TVA,0,3,470,17170,0.0778932087283945,212,"[0.0, 1.0, 100.0]","[1.0, 1.0, 5.0]","[0.0, 0.22176556522269816, 0.317051025471837]",36.53191489361702,36.53191489361702,0.18259395397952183
s2_h10_v10_filter_aggregation,2,10,10,MULTI,0,0,30,1070,1.2298850574712643,12,"[0.0, 30.0, 70.0]","[2.0, 9.0, 96.0]","[0.0, 0.4915254237288136, 0.6826923076923077]",35.666666666666664,35.666666666666664,0.3812335597795009
s2_h10_v10_filter_aggregation,2,10,10,MULTI,0,1,30,710,0.8160919540229885,12,"[0.0, 20.0, 47.5]","[2.0, 6.0, 63.0]","[0.0, 0.4915254237288136, 0.6826923076923077]",23.666666666666668,23.666666666666668,0.3812335597795009
s2_h10_v10_filter_aggregation,2,10,10,MULTI,0,2,20,540,1.4210526315789473,20,"[0.0, 15.0, 50.0]","[0.0, 27.0, 54.0]","[0.0, 0.2631578947368421, 0.5263157894736842]",27.0,27.0,0.2631578947368421
s2_h10_v10_filter_aggregation,2,10,10,MULTI,0,3,23,180,0.3557312252964427,11,"[0.0, 10.0, 10.0]","[1.0, 1.0, 17.0]","[0.0, 0.5658307210031348, 0.586038961038961]",7.826086956521739,7.826086956521739,0.41620991452325773
s2_h10_v10_filter_aggregation,2,10,10,NETSPA,0,0,139,264,0.01376290272130122,12,"[1.0, 1.0, 1.0]","[1.0, 1.0, 1.0]","[0.3341404358353511, 0.3341404358353511, 0.360313315926893]",1.8992805755395683,1.8992805755395683,0.3079242479374354
s2_h10_v10_filter_aggregation,2,10,10,NETSPA,0,1,103,192,0.018275271273557967,12,"[1.0, 1.0, 1.0]","[1.0, 1.0, 1.0]","[0.28216253443526174, 0.3344262295081967, 0.3526676602086438]",1.8640776699029127,1.8640776699029127,0.2996313349331462
s2_h10_v10_filter_aggregation,2,10,10,NETSPA,0,2,76,128,0.02245614035087719,76,"[1.0, 1.0, 1.0]","[1.0, 1.0, 1.0]","[0.07682539682539682, 0.07682539682539682, 0.07682539682539682]",1.6842105263157894,1.6842105263157894,0.07144315579772648
s2_h10_v10_filter_aggregation,2,10,10,NETSPA,0,3,43,66,0.036544850498338874,14,"[1.0, 1.0, 1.0]","[1.0, 1.0, 2.0]","[0.18937177280550774, 0.23920265780730895, 0.26846208592132503]",1.5348837209302326,1.5348837209302326,0.2258829155787682
s2_h10_v10_filter_aggregation,2,10,10,TVA,0,0,137,1177,0.0631708887934736,14,"[10.0, 10.0, 10.0]","[1.0, 1.0, 1.0]","[0.2982456140350877, 0.29955947136563876, 0.29955947136563876]",8.591240875912408,8.591240875912408,0.2751909225879608
s2_h10_v10_filter_aggregation,2,10,10,TVA,0,1,101,781,0.07732673267326733,14,"[5.0, 10.0, 10.0]","[1.0, 1.0, 2.0]","[0.2801120448179272, 0.3048780487804878, 0.3048780487804878]",7.732673267326732,7.732673267326732,0.26789047086681
s2_h10_v10_filter_aggregation,2,10,10,TVA,0,2,74,594,0.10995927434283599,74,"[7.0, 10.0, 10.0]","[1.0, 1.0, 1.0]","[0.13540569020021073, 0.136986301369863, 0.136986301369863]",8.027027027027026,8.027027027027026,0.11727881039971559
s2_h10_v10_filter_aggregation,2,10,10,TVA,0,3,41,198,0.12073170731707317,14,"[1.0, 1.0, 10.0]","[1.0, 1.0, 1.0]","[0.2603603603603603, 0.2793103448275862, 0.37051282051282053]",4.829268292682927,4.829268292682927,0.27077892857489133
s2_h20_v10_filter_aggregation,2,20,10,MULTI,0,0,60,4720,1.3333333333333333,23,"[0.0, 40.0, 145.0]","[4.0, 18.0, 214.0]","[0.0, 0.5959595959595959, 0.6020408163265306]",78.66666666666667,78.66666666666667,0.4143404265013668
s2_h20_v10_filter_aggregation,2,20,10,MULTI,0,1,60,2720,0.768361581920904,24,"[0.0, 30.0, 80.0]","[5.0, 12.0, 119.0]","[0.0, 0.5959595959595959, 0.6020408163265306]",45.333333333333336,45.333333333333336,0.40852582217862504
s2_h20_v10_filter_aggregation,2,20,10,MULTI,0,2,40,2060,1.3205128205128205,40,"[0.0, 20.0, 100.0]","[0.0, 51.5, 103.0]","[0.0, 0.2564102564102564, 0.5128205128205128]",51.5,51.5,0.2564102564102564
s2_h20_v10_filter_aggregation,2,20,10,MULTI,0,3,46,680,0.3285024154589372,23,"[0.0, 20.0, 20.0]","[2.0, 2.0, 32.0]","[0.0, 0.5728813559322035, 0.5827586206896552]",14.782608695652174,14.782608695652174,0.39089508917857446
s2_h20_v10_filter_aggregation,2,20,10,NETSPA,0,0,298,592,0.006688812057939575,23,"[1.0, 1.0, 1.0]","[1.0, 1.0, 1.0]","[0.3578313253012048, 0.3578313253012048, 0.3578313253012048]",1.9865771812080537,1.9865771812080537,0.3212971710432143
s2_h20_v10_filter_aggregation,2,20,10,NETSPA,0,1,198,392,0.010049735938060812,24,"[1.0, 1.0, 1.0]","[1.0, 1.0, 2.0]","[0.2774647887323944, 0.37169811320754714, 0.37169811320754714]",1.97979797979798,1.97979797979798,0.31270211857762426
s2_h20_v10_filter_aggregation,2,20,10,NETSPA,0,2,145,246,0.011781609195402299,145,"[1.0, 1.0, 1.0]","[1.0, 1.0, 1.0]","[0.07469512195121952, 0.07469512195121952, 0.07469512195121952]",1.696551724137931,1.696551724137931,0.06506282650505783
s2_h20_v10_filter_aggregation,2,20,10,NETSPA,0,3,82,128,0.019271303824149353,29,"[1.0, 1.0, 1.0]","[1.0, 1.0, 2.0]","[0.18029993183367415, 0.2282709606928357, 0.25726599148353324]",1.5609756097560976,1.5609756097560976,0.20653050538290654
s2_h20_v10_filter_aggregation,2,20,10,TVA,0,0,296,4956,0.05675675675675676,23,"[20.0, 20.0, 20.0]","[1.0, 1.0, 1.0]","[0.29797979797979796, 0.298582995951417, 0.298582995951417]",16.743243243243242,16.743243243243242,0.27774737692074253
s2_h20_v10_filter_aggregation,2,20,10,TVA,0,1,196,2856,0.07472527472527472,24,"[5.0, 20.0, 20.0]","[1.0, 1.0, 5.0]","[0.24746192893401014, 0.31862745098039214, 0.31862745098039214]",14.571428571428571,14.571428571428571,0.27553738209722123
s2_h20_v10_filter_aggregation,2,20,10,TVA,0,2,143,2163,0.10652024032305722,143,"[6.0, 20.0, 20.0]","[1.0, 1.0, 1.0]","[0.10349050826699326, 0.14084507042253522, 0.14084507042253522]",15.125874125874127,15.125874125874127,0.11525745588419603
s2_h20_v10_filter_aggregation,2,20,10,TVA,0,3,80,714,0.1129746835443038,29,"[1.0, 1.0, 20.0]","[1.0, 1.5, 9.5]","[0.2559584901357053, 0.2654882061004851, 0.36424862057773444]",8.925,8.925,0.2551405075624572
s2_h30_v10_filter_aggregation,2,30,10,MULTI,0,0,90,10560,1.3183520599250935,34,"[0.0, 75.0, 210.0]","[10.0, 23.0, 319.0]","[0.0, 0.5973154362416108, 0.711262207585737]",117.33333333333333,117.33333333333333,0.4206978616004895
s2_h30_v10_filter_aggregation,2,30,10,MULTI,0,1,90,6540,0.8164794007490637,35,"[0.0, 60.0, 120.0]","[11.0, 16.0, 191.0]","[0.0, 0.5973154362416108, 0.711262207585737]",72.66666666666667,72.66666666666667,0.416817300366987
s2_h30_v10_filter_aggregation,2,30,10,MULTI,0,2,60,4800,1.3559322033898304,60,"[0.0, 30.0, 150.0]","[0.0, 80.0, 160.0]","[0.0, 0.2542372881355932, 0.5084745762711864]",80.0,80.0,0.2542372881355934
s2_h30_v10_filter_aggregation,2,30,10,MULTI,0,3,67,1530,0.34599728629579374,33,"[0.0, 30.0, 30.0]","[2.0, 2.0, 49.0]","[0.0, 0.5926115083418454, 0.5993457300275482]",22.83582089552239,22.83582089552239,0.38309393232555766
s2_h30_v10_filter_aggregation,2,30,10,NETSPA,0,0,444,884,0.004494336322778761,34,"[1.0, 1.0, 1.0]","[1.0, 1.0, 1.0]","[0.3578352180936995, 0.3578352180936995, 0.3578352180936995]",1.990990990990991,1.990990990990991,0.3204158290867603
s2_h30_v10_filter_aggregation,2,30,10,NETSPA,0,1,310,616,0.006430733897066499,35,"[1.0, 1.0, 1.0]","[1.0, 1.0, 2.0]","[0.27393617021276595, 0.3696172248803828, 0.3696172248803828]",1.9870967741935484,1.9870967741935484,0.3129740591017546
s2_h30_v10_filter_aggregation,2,30,10,NETSPA,0,2,222,380,0.007745301862948922,222,"[1.0, 1.0, 1.0]","[1.0, 1.0, 1.0]","[0.06814210832847992, 0.0712855129441436, 0.0712855129441436]",1.7117117117117118,1.7117117117117118,0.061101292113042244
s2_h30_v10_filter_aggregation,2,30,10,NETSPA,0,3,120,192,0.013445378151260505,40,"[1.0, 1.0, 1.0]","[1.0, 1.0, 2.0]","[0.18946228798267772, 0.24001828710758916, 0.26395173453996984]",1.6,1.6,0.21123131809116572
s2_h30_v10_filter_aggregation,2,30,10,TVA,0,0,442,10912,0.05598136690573666,34,"[30.0, 30.0, 30.0]","[1.0, 1.0, 1.0]","[0.3054016620498615, 0.3058252427184466, 0.3058252427184466]",24.687782805429865,24.687782805429865,0.280399429631895
s2_h30_v10_filter_aggregation,2,30,10,TVA,0,1,308,6758,0.07147087440247049,35,"[5.75, 30.0, 30.0]","[1.0, 1.0, 11.0]","[0.2483818770226537, 0.32112970711297073, 0.32112970711297073]",21.941558441558442,21.941558441558442,0.27712747065293436
s2_h30_v10_filter_aggregation,2,30,10,TVA,0,2,220,4960,0.10294728102947281,220,"[7.0, 30.0, 30.0]","[1.0, 1.0, 1.0]","[0.09330062018673754, 0.136986301369863, 0.136986301369863]",22.545454545454547,22.545454545454547,0.11153072696332143
s2_h30_v10_filter_aggregation,2,30,10,TVA,0,3,118,1581,0.11451542807475011,40,"[1.0, 2.0, 30.0]","[1.0, 2.0, 37.25]","[0.26986670736670737, 0.2763365666591473, 0.38750091314193874]",13.398305084745763,13.398305084745763,0.2658669085824598
s2_h50_v10_filter_aggregation,2,50,10,MULTI,0,0,150,31250,1.3982102908277405,54,"[0.0, 150.0, 350.0]","[21.0, 73.0, 531.0]","[0.0, 0.5983935742971888, 0.7487437185929648]",208.33333333333334,208.33333333333334,0.4340545976936097
s2_h50_v10_filter_aggregation,2,50,10,MULTI,0,1,150,18600,0.8322147651006712,56,"[0.0, 100.0, 200.0]","[22.0, 38.0, 312.0]","[0.0, 0.5983935742971888, 0.7487437185929648]",124.0,124.0,0.42939392875753146
s2_h50_v10_filter_aggregation,2,50,10,MULTI,0,2,100,13750,1.3888888888888888,100,"[0.0, 50.0, 250.0]","[0.0, 137.5, 275.0]","[0.0, 0.25252525252525254, 0.5050505050505051]",137.5,137.5,0.25252525252525254
s2_h50_v10_filter_aggregation,2,50,10,MULTI,0,3,111,4200,0.343980343980344,54,"[0.0, 50.0, 50.0]","[2.0, 2.0, 82.0]","[0.0, 0.5979865771812081, 0.602027027027027]",37.83783783783784,37.83783783783784,0.3786184061805321
s2_h50_v10_filter_aggregation,2,50,10,NETSPA,0,0,777,1550,0.002570685560376282,54,"[1.0, 1.0, 1.0]","[1.0, 1.0, 1.0]","[0.356453835553514, 0.356453835553514, 0.356453835553514]",1.994851994851995,1.994851994851995,0.3211749655192495
s2_h50_v10_filter_aggregation,2,50,10,NETSPA,0,1,524,1044,0.003809496008056865,56,"[1.0, 1.0, 1.0]","[1.0, 1.0, 2.0]","[0.2718295218295218, 0.3688293370944993, 0.3688293370944993]",1.9923664122137406,1.9923664122137406,0.313228629104022
s2_h50_v10_filter_aggregation,2,50,10,NETSPA,0,2,377,650,0.0045854732208363905,377,"[1.0, 1.0, 1.0]","[1.0, 1.0, 1.0]","[0.0591016548463357, 0.0684906256583105, 0.0684906256583105]",1.7241379310344827,1.7241379310344827,0.05792822841865973
s2_h50_v10_filter_aggregation,2,50,10,NETSPA,0,3,197,318,0.008235781622293587,65,"[1.0, 1.0, 1.0]","[1.0, 1.0, 2.0]","[0.19093867460457606, 0.24249511421523084, 0.26315057539199666]",1.614213197969543,1.614213197969543,0.20914521594261148
s2_h50_v10_filter_aggregation,2,50,10,TVA,0,0,775,31875,0.05313828457114279,54,"[50.0, 50.0, 50.0]","[1.0, 1.0, 1.0]","[0.31209677419354837, 0.31234866828087166, 0.31234866828087166]",41.12903225806452,41.12903225806452,0.2904202219919991
s2_h50_v10_filter_aggregation,2,50,10,TVA,0,1,522,18972,0.06975974584684624,56,"[6.0, 50.0, 50.0]","[1.0, 1.0, 22.0]","[0.2557055676912725, 0.3204182041820418, 0.3204182041820418]",36.3448275862069,36.3448275862069,0.28006056828440923
s2_h50_v10_filter_aggregation,2,50,10,TVA,0,2,375,14025,0.1,375,"[8.0, 50.0, 50.0]","[1.0, 1.0, 1.0]","[0.08328381857793624, 0.13368983957219252, 0.13368983957219252]",37.4,37.4,0.10845044570729309
s2_h50_v10_filter_aggregation,2,50,10,TVA,0,3,195,4284,0.11324345757335448,65,"[1.0, 2.0, 50.0]","[1.0, 2.0, 82.0]","[0.27279936558287077, 0.27670541785479275, 0.39302795196088847]",21.96923076923077,21.96923076923077,0.2671465147169367
s3_h100_v10_filter_aggregation,3,100,10,MULTI,0,0,300,138000,1.5384615384615385,97,"[0.0, 200.0, 800.0]","[55.0, 194.0, 1131.0]","[0.0, 0.5991983967935872, 0.7493734335839599]",460.0,460.0,0.4549924388542671
s3_h100_v10_filter_aggregation,3,100,10,MULTI,0,1,300,70700,0.7881828316610925,101,"[0.0, 150.0, 400.0]","[48.0, 97.0, 562.0]","[0.0, 0.5991983967935872, 0.7493734335839599]",235.66666666666666,235.66666666666666,0.4488282038231869
s3_h100_v10_filter_aggregation,3,100,10,MULTI,0,2,200,51800,1.3015075376884422,200,"[0.0, 100.0, 500.0]","[0.0, 259.0, 518.0]","[0.0, 0.25125628140703515, 0.5025125628140703]",259.0,259.0,0.25125628140703454
s3_h100_v10_filter_aggregation,3,100,10,MULTI,0,3,230,16600,0.3151699259540535,124,"[0.0, 100.0, 100.0]","[8.0, 8.0, 158.0]","[0.0, 0.578361642155073, 0.580302453034788]",72.17391304347827,72.17391304347827,0.350358299842655
s3_h100_v10_filter_aggregation,3,100,10,NETSPA,0,0,1682,3360,0.0011883532889445654,97,"[1.0, 1.0, 1.0]","[1.0, 1.0, 1.0]","[0.3544917756221004, 0.3544917756221004, 0.3544917756221004]",1.9976218787158144,1.9976218787158144,0.3233401649591484
s3_h100_v10_filter_aggregation,3,100,10,NETSPA,0,1,1009,2014,0.0019801941258829267,101,"[1.0, 1.0, 1.0]","[1.0, 1.0, 2.0]","[0.27140549273021003, 0.37017994858611825, 0.37017994858611825]",1.99603567888999,1.99603567888999,0.3142551401662419
s3_h100_v10_filter_aggregation,3,100,10,NETSPA,0,2,720,1236,0.0023875753361149747,720,"[1.0, 1.0, 1.0]","[1.0, 1.0, 1.0]","[0.052974718309226225, 0.0705858745216892, 0.0705858745216892]",1.7166666666666666,1.7166666666666666,0.058317340826713554
s3_h100_v10_filter_aggregation,3,100,10,NETSPA,0,3,398,732,0.004632735465741807,154,"[1.0, 1.0, 1.0]","[1.0, 2.0, 2.0]","[0.24984105683455612, 0.2511571642454493, 0.3531703828093417]",1.8391959798994975,1.8391959798994975,0.23659285913923553
s3_h100_v10_filter_aggregation,3,100,10,TVA,0,0,1680,139380,0.04941291585127201,97,"[100.0, 100.0, 100.0]","[1.0, 1.0, 1.0]","[0.30989294942783313, 0.31000738552437224, 0.31000738552437224]",82.96428571428571,82.96428571428571,0.29534456193667113
s3_h100_v10_filter_aggregation,3,100,10,TVA,0,1,1007,71407,0.07048769942411075,101,"[5.0, 100.0, 100.0]","[1.0, 1.0, 48.0]","[0.28841743119266056, 0.31536050156739814, 0.31536050156739814]",70.91062562065541,70.91062562065541,0.2834777620621908
s3_h100_v10_filter_aggregation,3,100,10,TVA,0,2,718,52318,0.10162663216823425,718,"[7.0, 100.0, 100.0]","[1.0, 1.0, 1.0]","[0.07713971930817483, 0.1394700139470014, 0.1394700139470014]",72.86629526462396,72.86629526462396,0.11109455232023178
s3_h100_v10_filter_aggregation,3,100,10,TVA,0,3,396,16766,0.10718578186932617,154,"[1.0, 1.0, 100.0]","[1.0, 8.0, 158.0]","[0.25970194154536824, 0.26161642920491585, 0.37383411059293803]",42.33838383838384,42.33838383838384,0.24696125252965423
s3_h10_v10_filter_aggregation,3,10,10,MULTI,0,0,30,990,1.1379310344827587,13,"[0.0, 10.0, 77.5]","[6.0, 25.0, 68.0]","[0.0, 0.5918367346938775, 0.7435897435897436]",33.0,33.0,0.4311014783548489
s3_h10_v10_filter_aggregation,3,10,10,MULTI,0,1,30,660,0.7586206896551724,13,"[0.0, 10.0, 40.0]","[5.0, 15.0, 46.0]","[0.0, 0.5918367346938775, 0.7435897435897436]",22.0,22.0,0.4311014783548489
s3_h10_v10_filter_aggregation,3,10,10,MULTI,0,2,20,560,1.4736842105263157,20,"[0.0, 20.0, 50.0]","[0.0, 28.0, 56.0]","[0.0, 0.2631578947368421, 0.5263157894736842]",28.0,28.0,0.2631578947368421
s3_h10_v10_filter_aggregation,3,10,10,MULTI,0,3,20,200,0.5263157894736842,4,"[10.0, 10.0, 10.0]","[2.0, 10.0, 18.0]","[0.6551724137931034, 0.666871921182266, 0.6785714285714286]",10.0,10.0,0.6007389162561576
s3_h10_v10_filter_aggregation,3,10,10,NETSPA,0,0,131,258,0.015149735760422783,12,"[1.0, 1.0, 1.0]","[1.0, 1.0, 1.0]","[0.362116991643454, 0.362116991643454, 0.362116991643454]",1.9694656488549618,1.9694656488549618,0.3221849595017578
s3_h10_v10_filter_aggregation,3,10,10,NETSPA,0,1,98,192,0.020197769829581318,12,"[1.0, 1.0, 1.0]","[1.0, 1.0, 2.0]","[0.2834226547761962, 0.3730769230769231, 0.3730769230769231]",1.9591836734693877,1.9591836734693877,0.31768504981058454
s3_h10_v10_filter_aggregation,3,10,10,NETSPA,0,2,78,132,0.02197802197802198,78,"[1.0, 1.0, 1.0]","[1.0, 1.0, 1.0]","[0.07482993197278912, 0.07482993197278912, 0.07482993197278912]",1.6923076923076923,1.6923076923076923,0.07010391775305932
s3_h10_v10_filter_aggregation,3,10,10,NETSPA,0,3,42,80,0.04645760743321719,4,"[1.0, 1.0, 1.0]","[1.0, 2.0, 2.0]","[0.2907801418439716, 0.4019607843137255, 0.4019607843137255]",1.9047619047619047,1.9047619047619047,0.3410199067806793
s3_h10_v10_filter_aggregation,3,10,10,TVA,0,0,129,1089,0.06595203488372094,19,"[10.0, 10.0, 10.0]","[1.0, 1.0, 1.0]","[0.29493087557603687, 0.2962962962962963, 0.34688346883468835]",8.44186046511628,8.44186046511628,0.28502477066097553
s3_h10_v10_filter_aggregation,3,10,10,TVA,0,1,96,726,0.07960526315789473,18,"[4.0, 10.0, 10.0]","[1.0, 1.0, 5.0]","[0.25338121639784944, 0.3125, 0.3125]",7.5625,7.5625,0.2777817255334458
s3_h10_v10_filter_aggregation,3,10,10,TVA,0,2,76,616,0.1080701754385965,76,"[8.0, 10.0, 10.0]","[1.0, 1.0, 1.0]","[0.13333333333333333, 0.13333333333333333, 0.13333333333333333]",8.105263157894736,8.105263157894736,0.11494384108419205
s3_h10_v10_filter_aggregation,3,10,10,TVA,0,3,40,220,0.14102564102564102,4,"[1.0, 6.0, 10.0]","[1.0, 1.5, 6.0]","[0.29776119402985074, 0.4021045918367347, 0.4148936170212766]",5.5,5.5,0.3365708849235153
s3_h20_v10_filter_aggregation,3,20,10,MULTI,0,0,60,3980,1.1242937853107344,20,"[0.0, 30.0, 140.0]","[7.0, 33.0, 159.0]","[0.0, 0.5959595959595959, 0.7468354430379747]",66.33333333333333,66.33333333333333,0.45836211039646846
s3_h20_v10_filter_aggregation,3,20,10,MULTI,0,1,60,2460,0.6949152542372882,22,"[0.0, 20.0, 80.0]","[8.0, 23.0, 92.0]","[0.0, 0.5959595959595959, 0.7468354430379747]",41.0,41.0,0.4450863164696799
s3_h20_v10_filter_aggregation,3,20,10,MULTI,0,2,40,2020,1.294871794871795,40,"[0.0, 20.0, 100.0]","[0.0, 50.5, 101.0]","[0.0, 0.2564102564102564, 0.5128205128205128]",50.5,50.5,0.2564102564102564
s3_h20_v10_filter_aggregation,3,20,10,MULTI,0,3,44,760,0.40169133192389006,18,"[0.0, 20.0, 20.0]","[4.0, 4.0, 34.0]","[0.0, 0.5995270003941663, 0.6098636728147554]",17.272727272727273,17.272727272727273,0.44781594985644024
s3_h20_v10_filter_aggregation,3,20,10,NETSPA,0,0,261,518,0.0076333628057765985,20,"[1.0, 1.0, 1.0]","[1.0, 1.0, 1.0]","[0.3616133518776078, 0.3616133518776078, 0.3616133518776078]",1.9846743295019158,1.9846743295019158,0.3224185125935588
s3_h20_v10_filter_aggregation,3,20,10,NETSPA,0,1,185,366,0.010752056404230317,22,"[1.0, 1.0, 1.0]","[1.0, 1.0, 2.0]","[0.2783661119515885, 0.37474541751527496, 0.37474541751527496]",1.9783783783783784,1.9783783783783784,0.31394957721303185
s3_h20_v10_filter_aggregation,3,20,10,NETSPA,0,2,143,242,0.011917659804983749,143,"[1.0, 1.0, 1.0]","[1.0, 1.0, 1.0]","[0.07574716592236345, 0.07574716592236345, 0.07574716592236345]",1.6923076923076923,1.6923076923076923,0.0658758871774736
s3_h20_v10_filter_aggregation,3,20,10,NETSPA,0,3,84,156,0.022375215146299483,22,"[1.0, 1.0, 1.0]","[1.0, 1.5, 2.0]","[0.263700717265951, 0.2705823293172691, 0.3683211105290728]",1.8571428571428572,1.8571428571428572,0.2795113828683882
s3_h20_v10_filter_aggregation,3,20,10,TVA,0,0,259,4179,0.06253928346951602,20,"[20.0, 20.0, 20.0]","[1.0, 1.0, 1.0]","[0.30714285714285716, 0.30787589498806683, 0.30787589498806683]",16.135135135135137,16.135135135135137,0.2904199499892909
s3_h20_v10_filter_aggregation,3,20,10,TVA,0,1,183,2583,0.07755359394703656,22,"[4.0, 20.0, 20.0]","[1.0, 1.0, 8.0]","[0.24761904761904763, 0.3204225352112676, 0.3204225352112676]",14.114754098360656,14.114754098360656,0.28337679459865783
s3_h20_v10_filter_aggregation,3,20,10,TVA,0,2,141,2121,0.1074468085106383,141,"[6.0, 20.0, 20.0]","[1.0, 1.0, 1.0]","[0.10496894409937887, 0.14285714285714285, 0.14285714285714285]",15.042553191489361,15.042553191489361,0.11645574781639746
s3_h20_v10_filter_aggregation,3,20,10,TVA,0,3,82,798,0.12014453477868112,22,"[1.0, 2.0, 20.0]","[1.0, 1.0, 4.0]","[0.2696316535114349, 0.3144204081891, 0.3825007177720356]",9.731707317073171,9.731707317073171,0.283488087630999
s3_h30_v10_filter_aggregation,3,30,10,MULTI,0,0,90,10350,1.2921348314606742,30,"[0.0, 60.0, 210.0]","[18.0, 38.0, 289.0]","[0.0, 0.5973154362416108, 0.7478991596638656]",115.0,115.0,0.4517131704572738
s3_h30_v10_filter_aggregation,3,30,10,MULTI,0,1,90,5700,0.7116104868913857,32,"[0.0, 30.0, 120.0]","[14.0, 28.0, 148.0]","[0.0, 0.5973154362416108, 0.7478991596638656]",63.333333333333336,63.333333333333336,0.4428496601730258
s3_h30_v10_filter_aggregation,3,30,10,MULTI,0,2,60,4590,1.2966101694915255,60,"[0.0, 30.0, 150.0]","[0.0, 76.5, 153.0]","[0.0, 0.2542372881355932, 0.5084745762711864]",76.5,76.5,0.2542372881355934
s3_h30_v10_filter_aggregation,3,30,10,MULTI,0,3,67,1590,0.35956580732700133,31,"[0.0, 30.0, 30.0]","[4.0, 4.0, 49.0]","[0.0, 0.5926115083418454, 0.5993457300275482]",23.73134328358209,23.73134328358209,0.40558279153956284
s3_h30_v10_filter_aggregation,3,30,10,NETSPA,0,0,437,870,0.004566162114500451,30,"[1.0, 1.0, 1.0]","[1.0, 1.0, 1.0]","[0.3582580115036976, 0.3582580115036976, 0.3582580115036976]",1.9908466819221968,1.9908466819221968,0.32259740980946155
s3_h30_v10_filter_aggregation,3,30,10,NETSPA,0,1,282,560,0.007066959440700639,32,"[1.0, 1.0, 1.0]","[1.0, 1.0, 2.0]","[0.2757605495583906, 0.37367021276595747, 0.37367021276595747]",1.9858156028368794,1.9858156028368794,0.3134566455792846
s3_h30_v10_filter_aggregation,3,30,10,NETSPA,0,2,215,366,0.007954792436426864,215,"[1.0, 1.0, 1.0]","[1.0, 1.0, 1.0]","[0.0703710557971685, 0.07361728205913895, 0.07361728205913895]",1.7023255813953488,1.7023255813953488,0.06268797105319866
s3_h30_v10_filter_aggregation,3,30,10,NETSPA,0,3,122,226,0.015309578647879692,38,"[1.0, 1.0, 1.0]","[1.0, 2.0, 2.0]","[0.2592324238650515, 0.26395183506620457, 0.3639224411951685]",1.8524590163934427,1.8524590163934427,0.26233836537260025
s3_h30_v10_filter_aggregation,3,30,10,TVA,0,0,435,10695,0.05665024630541872,30,"[30.0, 30.0, 30.0]","[1.0, 1.0, 1.0]","[0.3172514619883041, 0.31771595900439237, 0.31771595900439237]",24.586206896551722,24.586206896551722,0.29446621876427026
s3_h30_v10_filter_aggregation,3,30,10,TVA,0,1,280,5890,0.07539682539682539,32,"[4.0, 30.0, 30.0]","[1.0, 1.0, 14.0]","[0.29002079002079, 0.31922196796338675, 0.31922196796338675]",21.035714285714285,21.035714285714285,0.28283555167710567
s3_h30_v10_filter_aggregation,3,30,10,TVA,0,2,213,4743,0.10503587563114536,213,"[7.0, 30.0, 30.0]","[1.0, 1.0, 1.0]","[0.09638130104196001, 0.14150943396226415, 0.14150943396226415]",22.267605633802816,22.267605633802816,0.11422925561780656
s3_h30_v10_filter_aggregation,3,30,10,TVA,0,3,120,1643,0.11505602240896358,38,"[1.0, 2.0, 30.0]","[1.0, 2.5, 15.25]","[0.2647058823529412, 0.2710143212214463, 0.3766140602582496]",13.691666666666666,13.691666666666666,0.2665010042384893
s3_h50_v10_filter_aggregation,3,50,10,MULTI,0,0,150,31950,1.429530201342282,51,"[0.0, 75.0, 350.0]","[37.0, 64.0, 538.0]","[0.0, 0.5983935742971888, 0.7487437185929648]",213.0,213.0,0.44534496699553916
s3_h50_v10_filter_aggregation,3,50,10,MULTI,0,1,150,16200,0.7248322147651006,53,"[0.0, 50.0, 200.0]","[28.0, 46.0, 250.0]","[0.0, 0.5983935742971888, 0.7487437185929648]",108.0,108.0,0.44002071485616295
s3_h50_v10_filter_aggregation,3,50,10,MULTI,0,2,100,12400,1.2525252525252526,100,"[0.0, 50.0, 250.0]","[0.0, 124.0, 248.0]","[0.0, 0.25252525252525254, 0.5050505050505051]",124.0,124.0,0.25252525252525254
s3_h50_v10_filter_aggregation,3,50,10,MULTI,0,3,112,4250,0.34185971685971683,55,"[0.0, 50.0, 50.0]","[5.0, 5.0, 80.0]","[0.0, 0.5925993107201161, 0.5966033601168736]",37.94642857142857,37.94642857142857,0.3827431311588077
s3_h50_v10_filter_aggregation,3,50,10,NETSPA,0,0,791,1578,0.002525244443021972,51,"[1.0, 1.0, 1.0]","[1.0, 1.0, 1.0]","[0.35601622352410994, 0.35601622352410994, 0.35601622352410994]",1.9949431099873578,1.9949431099873578,0.3224084948856893
s3_h50_v10_filter_aggregation,3,50,10,NETSPA,0,1,476,948,0.004192835028748341,53,"[1.0, 1.0, 1.0]","[1.0, 1.0, 2.0]","[0.2737752161383285, 0.3728414442700157, 0.3728414442700157]",1.9915966386554622,1.9915966386554622,0.31251809768058914
s3_h50_v10_filter_aggregation,3,50,10,NETSPA,0,2,350,596,0.0048792468276708965,350,"[1.0, 1.0, 1.0]","[1.0, 1.0, 1.0]","[0.06024355300859599, 0.07378932735680445, 0.07378932735680445]",1.7028571428571428,1.7028571428571428,0.0614055599452533
s3_h50_v10_filter_aggregation,3,50,10,NETSPA,0,3,199,370,0.009390386274808385,67,"[1.0, 1.0, 1.0]","[1.0, 2.0, 2.0]","[0.2578568143492258, 0.2604924887718755, 0.3632044914705247]",1.8592964824120604,1.8592964824120604,0.2524810754440684
s3_h50_v10_filter_aggregation,3,50,10,TVA,0,0,789,32589,0.052416475265870184,51,"[50.0, 50.0, 50.0]","[1.0, 1.0, 1.0]","[0.3075722092115535, 0.3078125, 0.3078125]",41.3041825095057,41.3041825095057,0.2888783977819277
s3_h50_v10_filter_aggregation,3,50,10,TVA,0,1,474,16524,0.07370139427837397,53,"[4.0, 50.0, 50.0]","[1.0, 1.0, 28.0]","[0.2894736842105263, 0.31702412868632707, 0.31702412868632707]",34.860759493670884,34.860759493670884,0.28099454275233643
s3_h50_v10_filter_aggregation,3,50,10,TVA,0,2,348,12648,0.10474013713604292,348,"[6.0, 50.0, 50.0]","[1.0, 1.0, 1.0]","[0.08525909412212496, 0.1440922190201729, 0.1440922190201729]",36.3448275862069,36.3448275862069,0.11460539867944397
s3_h50_v10_filter_aggregation,3,50,10,TVA,0,3,197,4335,0.11227079664353051,67,"[1.0, 2.0, 50.0]","[1.0, 5.0, 80.0]","[0.2615923319067662, 0.26541131916684196, 0.37177038303005927]",22.00507614213198,22.00507614213198,0.25590331895373264
