network,model,filter,aggregation,num_nodes,num_edges,density,num_strong_components,indegree,outdegree,close_centrality,avg_indegree,avg_outdegree,avg_close_centrality
10_10_random_uniform_1_filter_aggregation,MULTI,0,0,21,580,1.380952380952381,21,"[0.0, 0.0, 20.0]","[2.0, 10.0, 58.0]","[0.0, 0.0, 0.15]",27.61904761904762,27.61904761904762,0.09523809523809523
10_10_random_uniform_1_filter_aggregation,MULTI,0,1,21,238,0.5666666666666667,21,"[0.0, 0.0, 12.0]","[2.0, 6.0, 20.0]","[0.0, 0.0, 0.15]",11.333333333333334,11.333333333333334,0.09523809523809523
10_10_random_uniform_1_filter_aggregation,MULTI,0,2,0,0,0,0,,,,,,
10_10_random_uniform_1_filter_aggregation,MULTI,0,3,19,58,0.1695906432748538,19,"[0.0, 0.0, 5.0]","[1.0, 2.0, 5.0]","[0.0, 0.0, 0.14814814814814814]",3.0526315789473686,3.0526315789473686,0.08966861598440545
10_10_random_uniform_1_filter_aggregation,MULTI,1,0,20,574,1.5105263157894737,20,"[0.0, 0.0, 35.0]","[2.0, 15.0, 58.0]","[0.0, 0.0, 0.16228070175438597]",28.7,28.7,0.10109649122807016
10_10_random_uniform_1_filter_aggregation,MULTI,1,1,20,232,0.6105263157894737,20,"[0.0, 0.0, 12.5]","[2.0, 8.0, 20.0]","[0.0, 0.0, 0.16228070175438597]",11.6,11.6,0.10109649122807016
10_10_random_uniform_1_filter_aggregation,MULTI,1,2,0,0,0,0,,,,,,
10_10_random_uniform_1_filter_aggregation,MULTI,1,3,19,58,0.1695906432748538,19,"[0.0, 0.0, 5.0]","[1.0, 2.0, 5.0]","[0.0, 0.0, 0.14814814814814814]",3.0526315789473686,3.0526315789473686,0.08966861598440545
10_10_random_uniform_1_filter_aggregation,MULTI,2,0,6,10,0.3333333333333333,6,"[0.0, 0.0, 0.0]","[2.0, 2.0, 2.0]","[0.0, 0.0, 0.0]",1.6666666666666667,1.6666666666666667,0.16666666666666666
10_10_random_uniform_1_filter_aggregation,MULTI,2,1,6,10,0.3333333333333333,6,"[0.0, 0.0, 0.0]","[2.0, 2.0, 2.0]","[0.0, 0.0, 0.0]",1.6666666666666667,1.6666666666666667,0.16666666666666666
10_10_random_uniform_1_filter_aggregation,MULTI,2,2,0,0,0,0,,,,,,
10_10_random_uniform_1_filter_aggregation,MULTI,2,3,6,10,0.3333333333333333,6,"[0.0, 0.0, 0.0]","[2.0, 2.0, 2.0]","[0.0, 0.0, 0.0]",1.6666666666666667,1.6666666666666667,0.16666666666666666
10_10_random_uniform_1_filter_aggregation,MULTI,3,0,6,10,0.3333333333333333,6,"[0.0, 0.0, 0.0]","[2.0, 2.0, 2.0]","[0.0, 0.0, 0.0]",1.6666666666666667,1.6666666666666667,0.16666666666666666
10_10_random_uniform_1_filter_aggregation,MULTI,3,1,6,10,0.3333333333333333,6,"[0.0, 0.0, 0.0]","[2.0, 2.0, 2.0]","[0.0, 0.0, 0.0]",1.6666666666666667,1.6666666666666667,0.16666666666666666
10_10_random_uniform_1_filter_aggregation,MULTI,3,2,0,0,0,0,,,,,,
10_10_random_uniform_1_filter_aggregation,MULTI,3,3,6,10,0.3333333333333333,6,"[0.0, 0.0, 0.0]","[2.0, 2.0, 2.0]","[0.0, 0.0, 0.0]",1.6666666666666667,1.6666666666666667,0.16666666666666666
10_10_random_uniform_1_filter_aggregation,NETSPA,0,0,203,394,0.009608349997561333,97,"[1.0, 1.0, 1.0]","[1.0, 1.0, 1.0]","[0.20515087223008013, 0.20515087223008013, 0.20679634335114927]",1.9408866995073892,1.9408866995073892,0.1939414608714601
10_10_random_uniform_1_filter_aggregation,NETSPA,0,1,103,194,0.01846563868265753,51,"[1.0, 1.0, 1.0]","[1.0, 1.0, 1.0]","[0.23078656750056345, 0.23078656750056345, 0.23402016173701118]",1.883495145631068,1.883495145631068,0.20496169431641054
10_10_random_uniform_1_filter_aggregation,NETSPA,0,2,0,0,0,0,,,,,,
10_10_random_uniform_1_filter_aggregation,NETSPA,0,3,39,64,0.043184885290148446,26,"[0.5, 1.0, 2.0]","[1.0, 1.0, 2.0]","[0.10087719298245613, 0.2577972709551657, 0.26592797783933514]",1.641025641025641,1.641025641025641,0.19190301934992618
10_10_random_uniform_1_filter_aggregation,NETSPA,1,0,196,380,0.009942438513867086,96,"[1.0, 1.0, 1.0]","[1.0, 1.0, 1.0]","[0.19995131450827652, 0.19995131450827652, 0.2016558154489189]",1.9387755102040816,1.9387755102040816,0.18976315000261937
10_10_random_uniform_1_filter_aggregation,NETSPA,1,1,96,180,0.019736842105263157,50,"[1.0, 1.0, 1.0]","[1.0, 1.0, 1.0]","[0.22207792207792207, 0.22207792207792207, 0.2255447536037546]",1.875,1.875,0.19805284938599269
10_10_random_uniform_1_filter_aggregation,NETSPA,1,2,0,0,0,0,,,,,,
10_10_random_uniform_1_filter_aggregation,NETSPA,1,3,39,64,0.043184885290148446,26,"[0.5, 1.0, 2.0]","[1.0, 1.0, 2.0]","[0.10087719298245613, 0.2577972709551657, 0.26592797783933514]",1.641025641025641,1.641025641025641,0.19190301934992618
10_10_random_uniform_1_filter_aggregation,NETSPA,2,0,10,14,0.15555555555555556,10,"[0.0, 0.5, 1.75]","[1.0, 1.5, 2.0]","[0.0, 0.1818181818181818, 0.41233766233766234]",1.4,1.4,0.2266955266955267
10_10_random_uniform_1_filter_aggregation,NETSPA,2,1,10,14,0.15555555555555556,10,"[0.0, 0.5, 1.75]","[1.0, 1.5, 2.0]","[0.0, 0.1818181818181818, 0.41233766233766234]",1.4,1.4,0.2266955266955267
10_10_random_uniform_1_filter_aggregation,NETSPA,2,2,0,0,0,0,,,,,,
10_10_random_uniform_1_filter_aggregation,NETSPA,2,3,10,14,0.15555555555555556,10,"[0.0, 0.5, 1.75]","[1.0, 1.5, 2.0]","[0.0, 0.1818181818181818, 0.41233766233766234]",1.4,1.4,0.2266955266955267
10_10_random_uniform_1_filter_aggregation,NETSPA,3,0,10,14,0.15555555555555556,10,"[0.0, 0.5, 1.75]","[1.0, 1.5, 2.0]","[0.0, 0.1818181818181818, 0.41233766233766234]",1.4,1.4,0.2266955266955267
10_10_random_uniform_1_filter_aggregation,NETSPA,3,1,10,14,0.15555555555555556,10,"[0.0, 0.5, 1.75]","[1.0, 1.5, 2.0]","[0.0, 0.1818181818181818, 0.41233766233766234]",1.4,1.4,0.2266955266955267
10_10_random_uniform_1_filter_aggregation,NETSPA,3,2,0,0,0,0,,,,,,
10_10_random_uniform_1_filter_aggregation,NETSPA,3,3,10,14,0.15555555555555556,10,"[0.0, 0.5, 1.75]","[1.0, 1.5, 2.0]","[0.0, 0.1818181818181818, 0.41233766233766234]",1.4,1.4,0.2266955266955267
10_10_random_uniform_1_filter_aggregation,TVA,0,0,201,760,0.01890547263681592,201,"[1.0, 4.0, 5.0]","[1.0, 1.0, 1.0]","[0.005, 0.02, 0.025]",3.781094527363184,3.781094527363184,0.026439222151584035
10_10_random_uniform_1_filter_aggregation,TVA,0,1,101,318,0.031485148514851485,101,"[1.0, 4.0, 5.0]","[1.0, 1.0, 1.0]","[0.01, 0.04, 0.05]",3.1485148514851486,3.1485148514851486,0.04386303227697089
10_10_random_uniform_1_filter_aggregation,TVA,0,2,0,0,0,0,,,,,,
10_10_random_uniform_1_filter_aggregation,TVA,0,3,37,76,0.057057057057057055,37,"[0.0, 2.0, 4.0]","[1.0, 1.0, 2.0]","[0.0, 0.0625, 0.1388888888888889]",2.054054054054054,2.054054054054054,0.07554849492349491
10_10_random_uniform_1_filter_aggregation,TVA,1,0,194,748,0.019977565300998878,194,"[1.0, 4.0, 5.0]","[1.0, 1.0, 1.0]","[0.0051813471502590676, 0.02072538860103627, 0.025906735751295335]",3.8556701030927836,3.8556701030927836,0.027516101174240828
10_10_random_uniform_1_filter_aggregation,TVA,1,1,94,306,0.035003431708991076,94,"[1.0, 4.0, 5.0]","[1.0, 1.0, 1.0]","[0.010752688172043012, 0.043010752688172046, 0.053763440860215055]",3.25531914893617,3.25531914893617,0.04752010327847524
10_10_random_uniform_1_filter_aggregation,TVA,1,2,0,0,0,0,,,,,,
10_10_random_uniform_1_filter_aggregation,TVA,1,3,37,76,0.057057057057057055,37,"[0.0, 2.0, 4.0]","[1.0, 1.0, 2.0]","[0.0, 0.0625, 0.1388888888888889]",2.054054054054054,2.054054054054054,0.07554849492349491
10_10_random_uniform_1_filter_aggregation,TVA,2,0,8,12,0.21428571428571427,8,"[0.0, 0.0, 2.75]","[1.0, 2.0, 2.0]","[0.0, 0.0, 0.6160714285714286]",1.5,1.5,0.25148809523809523
10_10_random_uniform_1_filter_aggregation,TVA,2,1,8,12,0.21428571428571427,8,"[0.0, 0.0, 2.75]","[1.0, 2.0, 2.0]","[0.0, 0.0, 0.6160714285714286]",1.5,1.5,0.25148809523809523
10_10_random_uniform_1_filter_aggregation,TVA,2,2,0,0,0,0,,,,,,
10_10_random_uniform_1_filter_aggregation,TVA,2,3,8,12,0.21428571428571427,8,"[0.0, 0.0, 2.75]","[1.0, 2.0, 2.0]","[0.0, 0.0, 0.6160714285714286]",1.5,1.5,0.25148809523809523
10_10_random_uniform_1_filter_aggregation,TVA,3,0,8,12,0.21428571428571427,8,"[0.0, 0.0, 2.75]","[1.0, 2.0, 2.0]","[0.0, 0.0, 0.6160714285714286]",1.5,1.5,0.25148809523809523
10_10_random_uniform_1_filter_aggregation,TVA,3,1,8,12,0.21428571428571427,8,"[0.0, 0.0, 2.75]","[1.0, 2.0, 2.0]","[0.0, 0.0, 0.6160714285714286]",1.5,1.5,0.25148809523809523
10_10_random_uniform_1_filter_aggregation,TVA,3,2,0,0,0,0,,,,,,
10_10_random_uniform_1_filter_aggregation,TVA,3,3,8,12,0.21428571428571427,8,"[0.0, 0.0, 2.75]","[1.0, 2.0, 2.0]","[0.0, 0.0, 0.6160714285714286]",1.5,1.5,0.25148809523809523
real_inventory_filter_aggregation,MULTI,0,0,50,65222,26.621224489795917,36,"[0.0, 0.0, 742.0]","[76.0, 513.0, 3950.0]","[0.0, 0.0, 0.6785086985613918]",1304.44,1304.44,0.30024479830299744
real_inventory_filter_aggregation,MULTI,0,1,50,17762,7.249795918367347,36,"[0.0, 0.0, 371.0]","[193.0, 249.0, 796.0]","[0.0, 0.0, 0.8406426400347373]",355.24,355.24,0.2988687563016551
real_inventory_filter_aggregation,MULTI,0,2,0,0,0,0,,,,,,
real_inventory_filter_aggregation,MULTI,0,3,50,536,0.21877551020408162,50,"[0.0, 0.0, 28.0]","[4.0, 5.0, 28.0]","[0.0, 0.0, 0.2857142857142857]",10.72,10.72,0.1405361466620546
real_inventory_filter_aggregation,MULTI,1,0,18,59,0.19281045751633988,18,"[0.0, 0.0, 0.0]","[4.0, 4.0, 4.0]","[0.0, 0.0, 0.0]",3.2777777777777777,3.2777777777777777,0.14705882352941177
real_inventory_filter_aggregation,MULTI,1,1,33,59,0.05587121212121212,33,"[0.0, 0.0, 0.0]","[2.0, 2.0, 2.0]","[0.0, 0.0, 0.0]",1.7878787878787878,1.7878787878787878,0.04261363636363636
real_inventory_filter_aggregation,MULTI,1,2,0,0,0,0,,,,,,
real_inventory_filter_aggregation,MULTI,1,3,18,59,0.19281045751633988,18,"[0.0, 0.0, 0.0]","[4.0, 4.0, 4.0]","[0.0, 0.0, 0.0]",3.2777777777777777,3.2777777777777777,0.14705882352941177
real_inventory_filter_aggregation,MULTI,2,0,18,59,0.19281045751633988,18,"[0.0, 0.0, 0.0]","[4.0, 4.0, 4.0]","[0.0, 0.0, 0.0]",3.2777777777777777,3.2777777777777777,0.14705882352941177
real_inventory_filter_aggregation,MULTI,2,1,33,59,0.05587121212121212,33,"[0.0, 0.0, 0.0]","[2.0, 2.0, 2.0]","[0.0, 0.0, 0.0]",1.7878787878787878,1.7878787878787878,0.04261363636363636
real_inventory_filter_aggregation,MULTI,2,2,0,0,0,0,,,,,,
real_inventory_filter_aggregation,MULTI,2,3,18,59,0.19281045751633988,18,"[0.0, 0.0, 0.0]","[4.0, 4.0, 4.0]","[0.0, 0.0, 0.0]",3.2777777777777777,3.2777777777777777,0.14705882352941177
real_inventory_filter_aggregation,MULTI,3,0,18,59,0.19281045751633988,18,"[0.0, 0.0, 0.0]","[4.0, 4.0, 4.0]","[0.0, 0.0, 0.0]",3.2777777777777777,3.2777777777777777,0.14705882352941177
real_inventory_filter_aggregation,MULTI,3,1,33,59,0.05587121212121212,33,"[0.0, 0.0, 0.0]","[2.0, 2.0, 2.0]","[0.0, 0.0, 0.0]",1.7878787878787878,1.7878787878787878,0.04261363636363636
real_inventory_filter_aggregation,MULTI,3,2,0,0,0,0,,,,,,
real_inventory_filter_aggregation,MULTI,3,3,18,59,0.19281045751633988,18,"[0.0, 0.0, 0.0]","[4.0, 4.0, 4.0]","[0.0, 0.0, 0.0]",3.2777777777777777,3.2777777777777777,0.14705882352941177
real_inventory_filter_aggregation,NETSPA,0,0,3932,7850,0.0005078706362266907,117,"[1.0, 1.0, 1.0]","[1.0, 1.0, 1.0]","[0.32734628384545944, 0.32734628384545944, 0.32734628384545944]",1.9964394710071212,1.9964394710071212,0.3245691819887176
real_inventory_filter_aggregation,NETSPA,0,1,1163,2297,0.0016997112636764969,62,"[1.0, 1.0, 1.0]","[1.0, 1.0, 1.0]","[0.3288996182776263, 0.3288996182776263, 0.3288996182776263]",1.9750644883920894,1.9750644883920894,0.3190529305357688
real_inventory_filter_aggregation,NETSPA,0,2,0,0,0,0,,,,,,
real_inventory_filter_aggregation,NETSPA,0,3,85,126,0.01764705882352941,55,"[0.0, 1.0, 1.0]","[1.0, 1.0, 1.0]","[0.0, 0.18754879000780642, 0.27049990120529543]",1.4823529411764707,1.4823529411764707,0.1582117000146716
real_inventory_filter_aggregation,NETSPA,1,0,23,36,0.07114624505928854,23,"[0.0, 0.0, 1.0]","[1.0, 2.0, 2.0]","[0.0, 0.0, 0.27367424242424243]",1.565217391304348,1.565217391304348,0.14394603468060693
real_inventory_filter_aggregation,NETSPA,1,1,38,36,0.025604551920341393,38,"[0.0, 0.0, 0.0]","[1.0, 1.0, 1.0]","[0.0, 0.0, 0.0]",0.9473684210526315,0.9473684210526315,0.05180419171293535
real_inventory_filter_aggregation,NETSPA,1,2,0,0,0,0,,,,,,
real_inventory_filter_aggregation,NETSPA,1,3,23,36,0.07114624505928854,23,"[0.0, 0.0, 1.0]","[1.0, 2.0, 2.0]","[0.0, 0.0, 0.27367424242424243]",1.565217391304348,1.565217391304348,0.14394603468060693
real_inventory_filter_aggregation,NETSPA,2,0,23,36,0.07114624505928854,23,"[0.0, 0.0, 1.0]","[1.0, 2.0, 2.0]","[0.0, 0.0, 0.27367424242424243]",1.565217391304348,1.565217391304348,0.14394603468060693
real_inventory_filter_aggregation,NETSPA,2,1,38,36,0.025604551920341393,38,"[0.0, 0.0, 0.0]","[1.0, 1.0, 1.0]","[0.0, 0.0, 0.0]",0.9473684210526315,0.9473684210526315,0.05180419171293535
real_inventory_filter_aggregation,NETSPA,2,2,0,0,0,0,,,,,,
real_inventory_filter_aggregation,NETSPA,2,3,23,36,0.07114624505928854,23,"[0.0, 0.0, 1.0]","[1.0, 2.0, 2.0]","[0.0, 0.0, 0.27367424242424243]",1.565217391304348,1.565217391304348,0.14394603468060693
real_inventory_filter_aggregation,NETSPA,3,0,23,36,0.07114624505928854,23,"[0.0, 0.0, 1.0]","[1.0, 2.0, 2.0]","[0.0, 0.0, 0.27367424242424243]",1.565217391304348,1.565217391304348,0.14394603468060693
real_inventory_filter_aggregation,NETSPA,3,1,38,36,0.025604551920341393,38,"[0.0, 0.0, 0.0]","[1.0, 1.0, 1.0]","[0.0, 0.0, 0.0]",0.9473684210526315,0.9473684210526315,0.05180419171293535
real_inventory_filter_aggregation,NETSPA,3,2,0,0,0,0,,,,,,
real_inventory_filter_aggregation,NETSPA,3,3,23,36,0.07114624505928854,23,"[0.0, 0.0, 1.0]","[1.0, 2.0, 2.0]","[0.0, 0.0, 0.27367424242424243]",1.565217391304348,1.565217391304348,0.14394603468060693
real_inventory_filter_aggregation,TVA,0,0,3930,59871,0.003877411846535548,3845,"[14.0, 14.0, 15.0]","[1.0, 1.0, 1.0]","[0.003563247645711377, 0.003563247645711377, 0.003817765334690761]",15.234351145038168,15.234351145038168,0.014094218859733512
real_inventory_filter_aggregation,TVA,0,1,1161,17092,0.01269119961982833,982,"[14.0, 14.0, 15.0]","[1.0, 1.0, 1.0]","[0.01206896551724138, 0.01206896551724138, 0.01293103448275862]",14.721791559000861,14.721791559000861,0.08449484848907099
real_inventory_filter_aggregation,TVA,0,2,0,0,0,0,,,,,,
real_inventory_filter_aggregation,TVA,0,3,83,511,0.07508081104907435,82,"[0.0, 2.0, 14.0]","[1.0, 3.0, 4.0]","[0.0, 0.1040650406504065, 0.17073170731707318]",6.156626506024097,6.156626506024097,0.10987328883423628
real_inventory_filter_aggregation,TVA,1,0,21,48,0.11428571428571428,21,"[0.0, 0.0, 1.0]","[1.0, 3.0, 3.0]","[0.0, 0.0, 0.4129032258064516]",2.2857142857142856,2.2857142857142856,0.16612903225806452
real_inventory_filter_aggregation,TVA,1,1,36,48,0.0380952380952381,36,"[0.0, 0.0, 0.0]","[1.0, 1.0, 2.0]","[0.0, 0.0, 0.0]",1.3333333333333333,1.3333333333333333,0.05537634408602151
real_inventory_filter_aggregation,TVA,1,2,0,0,0,0,,,,,,
real_inventory_filter_aggregation,TVA,1,3,21,48,0.11428571428571428,21,"[0.0, 0.0, 1.0]","[1.0, 3.0, 3.0]","[0.0, 0.0, 0.4129032258064516]",2.2857142857142856,2.2857142857142856,0.16612903225806452
real_inventory_filter_aggregation,TVA,2,0,21,48,0.11428571428571428,21,"[0.0, 0.0, 1.0]","[1.0, 3.0, 3.0]","[0.0, 0.0, 0.4129032258064516]",2.2857142857142856,2.2857142857142856,0.16612903225806452
real_inventory_filter_aggregation,TVA,2,1,36,48,0.0380952380952381,36,"[0.0, 0.0, 0.0]","[1.0, 1.0, 2.0]","[0.0, 0.0, 0.0]",1.3333333333333333,1.3333333333333333,0.05537634408602151
real_inventory_filter_aggregation,TVA,2,2,0,0,0,0,,,,,,
real_inventory_filter_aggregation,TVA,2,3,21,48,0.11428571428571428,21,"[0.0, 0.0, 1.0]","[1.0, 3.0, 3.0]","[0.0, 0.0, 0.4129032258064516]",2.2857142857142856,2.2857142857142856,0.16612903225806452
real_inventory_filter_aggregation,TVA,3,0,21,48,0.11428571428571428,21,"[0.0, 0.0, 1.0]","[1.0, 3.0, 3.0]","[0.0, 0.0, 0.4129032258064516]",2.2857142857142856,2.2857142857142856,0.16612903225806452
real_inventory_filter_aggregation,TVA,3,1,36,48,0.0380952380952381,36,"[0.0, 0.0, 0.0]","[1.0, 1.0, 2.0]","[0.0, 0.0, 0.0]",1.3333333333333333,1.3333333333333333,0.05537634408602151
real_inventory_filter_aggregation,TVA,3,2,0,0,0,0,,,,,,
real_inventory_filter_aggregation,TVA,3,3,21,48,0.11428571428571428,21,"[0.0, 0.0, 1.0]","[1.0, 3.0, 3.0]","[0.0, 0.0, 0.4129032258064516]",2.2857142857142856,2.2857142857142856,0.16612903225806452
